Step,LdRemote,LdCurrentSet,LdEnable,PwrRemote,PwrSetCurrent,PwrSetVoltage,PwrEnable,sdo[0x2000][3],sdo[0x2000][4],sdo[0x2001][1],sdo[0x2001][2],sdo[0x2001][3],sdo[0x2001][4],sdo[0x2001][5],sdo[0x2001][6],sdo[0x2001][7],sdo[0x2001][8],sdo[0x2003][1],sdo[0x3001][1],sdo[0x6401][10],J0_01_3A_LOAD,J0_02_5A_LOAD,J0_03_7A_LOAD,J0_04_12A_LOAD,J0_05_200MA_PULLUP,J0_06_12MA_PULLUP,J0_07_GND_LOAD,J0_08_METER_LOAD,J0_09_TEST_SUPPLY,J0_10_MAIN_SUPPLY,J0_11_FREQ_GEN,J0_12_PROBE,J1_01,J1_02,J1_03,J1_04,J1_05,J1_06,J1_07,J1_08,J1_09,J1_10,J1_11,J1_12,J2_01,J2_02,J2_03,J2_04,J2_05,J2_06,J2_07,J2_08,J2_09,J2_10,J2_11,J2_12,J3_01,J3_02,J3_03,J3_04,J3_05,J3_06,J3_07,J3_08,J3_09,J3_10,J3_11,J3_12,J4_01,J4_02,J4_03,J4_04,J4_05,J4_06,J4_07,J4_08,J4_09,J4_10,J4_11,J4_12,J5_01,J5_02,J5_03,J5_04,J5_05,J5_06,J5_07,J5_08,J5_09,J5_10,J5_11,J5_12,MeterVolts,MeterCurrent,MeterAmps,MeterSpare,PwrRemote,PwrEnable,PwrSetVoltage,PwrSetCurrent,LdRemote,LdEnable,LdCurrentSet,
21,1.0,0.0,0.0,1.0,20.0,0.0,1.0,0.0,0.0,51.0,51.0,51.0,51.0,8.0,8.0,8.0,8.0,69.0,5.0,5.0,0.0,0.0,0.0,0.0,0.0,0.0,0.0,1.0,0.0,0.0,0.0,0.0,0.0,0.0,0.0,0.0,0.0,0.0,0.0,0.0,0.0,0.0,0.0,0.0,0.0,0.0,0.0,0.0,0.0,0.0,0.0,0.0,0.0,0.0,0.0,0.0,0.0,0.0,0.0,0.0,0.0,0.0,0.0,0.0,0.0,0.0,0.0,0.0,0.0,0.0,0.0,0.0,0.0,0.0,0.0,0.0,0.0,0.0,0.0,0.0,0.0,0.0,0.0,0.0,0.0,0.0,0.0,0.0,0.0,0.0,0.0,0.0,0.0,0.0,0.0,0.0,1.0,1.0,0.0,20.0,1.0,0.0,0.0,
24,1.0,0.0,0.0,1.0,20.0,0.0,1.0,0.0,0.0,51.0,51.0,51.0,51.0,8.0,8.0,8.0,8.0,69.0,5.0,5.0,1000.0,0.0,0.0,0.0,0.0,0.0,0.0,0.0,1.0,0.0,0.0,0.0,0.0,0.0,0.0,0.0,0.0,0.0,0.0,0.0,0.0,0.0,0.0,0.0,0.0,0.0,0.0,0.0,0.0,1.0,0.0,0.0,0.0,0.0,0.0,0.0,0.0,0.0,0.0,0.0,0.0,0.0,0.0,0.0,0.0,0.0,0.0,0.0,0.0,0.0,0.0,0.0,0.0,0.0,0.0,0.0,0.0,0.0,0.0,0.0,0.0,0.0,0.0,0.0,0.0,0.0,0.0,0.0,0.0,0.0,0.0,0.0,0.0,14.298,0.0,0.0,0.0,1.0,1.0,0.0,20.0,1.0,0.0,0.0,
29,1.0,0.0,0.0,1.0,20.0,140.0,1.0,0.0,0.0,51.0,51.0,51.0,51.0,8.0,8.0,8.0,8.0,69.0,5.0,5.0,1000.0,1.0,0.0,0.0,0.0,0.0,0.0,0.0,0.0,1.0,1.0,0.0,0.0,0.0,0.0,0.0,0.0,0.0,0.0,0.0,0.0,0.0,0.0,0.0,0.0,0.0,0.0,0.0,0.0,0.0,0.0,0.0,0.0,0.0,0.0,0.0,0.0,0.0,1.0,0.0,0.0,0.0,0.0,0.0,0.0,0.0,0.0,0.0,0.0,0.0,0.0,0.0,0.0,0.0,0.0,0.0,0.0,0.0,0.0,0.0,0.0,0.0,0.0,0.0,0.0,0.0,0.0,0.0,0.0,0.0,0.0,0.0,0.0,0.0,1.005,0.0,0.0,0.0,1.0,1.0,140.0,20.0,1.0,0.0,0.0,
31,1.0,0.0,0.0,1.0,20.0,0.0,1.0,0.0,0.0,51.0,51.0,51.0,51.0,8.0,8.0,8.0,8.0,69.0,5.0,5.0,1000.0,1.0,0.0,0.0,0.0,0.0,0.0,0.0,0.0,0.0,1.0,1.0,0.0,0.0,0.0,0.0,0.0,0.0,0.0,0.0,0.0,0.0,0.0,0.0,0.0,0.0,0.0,0.0,0.0,0.0,0.0,0.0,0.0,0.0,0.0,0.0,0.0,0.0,0.0,1.0,0.0,0.0,0.0,0.0,0.0,0.0,0.0,0.0,0.0,0.0,0.0,0.0,0.0,0.0,0.0,0.0,0.0,0.0,0.0,0.0,0.0,0.0,0.0,0.0,0.0,0.0,0.0,0.0,0.0,0.0,0.0,0.0,0.0,0.0,0.0,4.336,0.0,0.0,0.0,1.0,1.0,0.0,20.0,1.0,0.0,0.0,
33,1.0,0.0,0.0,1.0,20.0,140.0,1.0,0.0,0.0,51.0,51.0,51.0,51.0,8.0,8.0,8.0,8.0,69.0,5.0,5.0,1000.0,2.0,0.0,0.0,0.0,0.0,0.0,0.0,0.0,0.0,1.0,1.0,0.0,0.0,0.0,0.0,0.0,0.0,0.0,0.0,0.0,0.0,0.0,0.0,0.0,0.0,0.0,0.0,0.0,0.0,0.0,0.0,0.0,0.0,0.0,0.0,0.0,0.0,0.0,1.0,0.0,0.0,0.0,0.0,0.0,0.0,0.0,0.0,0.0,0.0,0.0,0.0,0.0,0.0,0.0,0.0,0.0,0.0,0.0,0.0,0.0,0.0,0.0,0.0,0.0,0.0,0.0,0.0,0.0,0.0,0.0,0.0,0.0,0.0,0.0,1.857,0.0,0.0,0.0,1.0,1.0,140.0,20.0,1.0,0.0,0.0,
35,1.0,0.0,0.0,1.0,20.0,0.0,1.0,0.0,0.0,51.0,51.0,51.0,51.0,8.0,8.0,8.0,8.0,69.0,5.0,5.0,1000.0,2.0,0.0,0.0,0.0,0.0,0.0,0.0,0.0,0.0,1.0,1.0,0.0,0.0,0.0,0.0,0.0,0.0,0.0,0.0,0.0,0.0,0.0,0.0,0.0,0.0,0.0,0.0,0.0,0.0,0.0,0.0,0.0,0.0,0.0,0.0,0.0,0.0,0.0,1.0,0.0,0.0,0.0,0.0,0.0,0.0,0.0,0.0,0.0,0.0,0.0,0.0,0.0,0.0,0.0,0.0,0.0,0.0,0.0,0.0,0.0,0.0,0.0,0.0,0.0,0.0,0.0,0.0,0.0,0.0,0.0,0.0,0.0,0.0,0.0,6.081,0.0,0.0,0.0,1.0,1.0,0.0,20.0,1.0,0.0,0.0,
37,1.0,0.0,0.0,1.0,20.0,140.0,1.0,0.0,0.0,51.0,51.0,51.0,51.0,8.0,8.0,8.0,8.0,69.0,5.0,5.0,1000.0,3.0,0.0,0.0,0.0,0.0,0.0,0.0,0.0,0.0,1.0,1.0,0.0,0.0,0.0,0.0,0.0,0.0,0.0,0.0,0.0,0.0,0.0,0.0,0.0,0.0,0.0,0.0,0.0,0.0,0.0,0.0,0.0,0.0,0.0,0.0,0.0,0.0,0.0,1.0,0.0,0.0,0.0,0.0,0.0,0.0,0.0,0.0,0.0,0.0,0.0,0.0,0.0,0.0,0.0,0.0,0.0,0.0,0.0,0.0,0.0,0.0,0.0,0.0,0.0,0.0,0.0,0.0,0.0,0.0,0.0,0.0,0.0,0.0,0.0,2.578,0.0,0.0,0.0,1.0,1.0,140.0,20.0,1.0,0.0,0.0,
39,1.0,0.0,0.0,1.0,20.0,0.0,1.0,0.0,0.0,51.0,51.0,51.0,51.0,8.0,8.0,8.0,8.0,69.0,5.0,5.0,1000.0,3.0,0.0,0.0,0.0,0.0,0.0,0.0,0.0,0.0,1.0,1.0,0.0,0.0,0.0,0.0,0.0,0.0,0.0,0.0,0.0,0.0,0.0,0.0,0.0,0.0,0.0,0.0,0.0,0.0,0.0,0.0,0.0,0.0,0.0,0.0,0.0,0.0,0.0,1.0,0.0,0.0,0.0,0.0,0.0,0.0,0.0,0.0,0.0,0.0,0.0,0.0,0.0,0.0,0.0,0.0,0.0,0.0,0.0,0.0,0.0,0.0,0.0,0.0,0.0,0.0,0.0,0.0,0.0,0.0,0.0,0.0,0.0,0.0,0.0,5.507,0.0,0.0,0.0,1.0,1.0,0.0,20.0,1.0,0.0,0.0,
41,1.0,0.0,0.0,1.0,20.0,140.0,1.0,0.0,0.0,51.0,51.0,51.0,51.0,8.0,8.0,8.0,8.0,69.0,5.0,5.0,1000.0,4.0,0.0,0.0,0.0,0.0,0.0,0.0,0.0,0.0,1.0,1.0,0.0,0.0,0.0,0.0,0.0,0.0,0.0,0.0,0.0,0.0,0.0,0.0,0.0,0.0,0.0,0.0,0.0,0.0,0.0,0.0,0.0,0.0,0.0,0.0,0.0,0.0,0.0,1.0,0.0,0.0,0.0,0.0,0.0,0.0,0.0,0.0,0.0,0.0,0.0,0.0,0.0,0.0,0.0,0.0,0.0,0.0,0.0,0.0,0.0,0.0,0.0,0.0,0.0,0.0,0.0,0.0,0.0,0.0,0.0,0.0,0.0,0.0,0.0,2.345,0.0,0.0,0.0,1.0,1.0,140.0,20.0,1.0,0.0,0.0,
43,1.0,0.0,0.0,1.0,20.0,0.0,1.0,0.0,0.0,51.0,51.0,51.0,51.0,8.0,8.0,8.0,8.0,69.0,5.0,5.0,1000.0,4.0,0.0,0.0,0.0,0.0,0.0,0.0,0.0,0.0,1.0,1.0,0.0,0.0,0.0,0.0,0.0,0.0,0.0,0.0,0.0,0.0,0.0,0.0,0.0,0.0,0.0,0.0,0.0,0.0,0.0,0.0,0.0,0.0,0.0,0.0,0.0,0.0,0.0,1.0,0.0,0.0,0.0,0.0,0.0,0.0,0.0,0.0,0.0,0.0,0.0,0.0,0.0,0.0,0.0,0.0,0.0,0.0,0.0,0.0,0.0,0.0,0.0,0.0,0.0,0.0,0.0,0.0,0.0,0.0,0.0,0.0,0.0,0.0,0.0,4.995,0.0,0.0,0.0,1.0,1.0,0.0,20.0,1.0,0.0,0.0,
45,1.0,0.0,0.0,1.0,20.0,140.0,1.0,0.0,0.0,51.0,51.0,51.0,51.0,8.0,8.0,8.0,8.0,69.0,5.0,5.0,1000.0,5.0,0.0,0.0,0.0,0.0,0.0,0.0,0.0,0.0,1.0,1.0,0.0,0.0,0.0,0.0,0.0,0.0,0.0,0.0,0.0,0.0,0.0,0.0,0.0,0.0,0.0,0.0,0.0,0.0,0.0,0.0,0.0,0.0,0.0,0.0,0.0,0.0,0.0,1.0,0.0,0.0,0.0,0.0,0.0,0.0,0.0,0.0,0.0,0.0,0.0,0.0,0.0,0.0,0.0,0.0,0.0,0.0,0.0,0.0,0.0,0.0,0.0,0.0,0.0,0.0,0.0,0.0,0.0,0.0,0.0,0.0,0.0,0.0,0.0,2.136,0.0,0.0,0.0,1.0,1.0,140.0,20.0,1.0,0.0,0.0,
47,1.0,0.0,0.0,1.0,20.0,0.0,1.0,0.0,0.0,51.0,51.0,51.0,51.0,8.0,8.0,8.0,8.0,69.0,5.0,5.0,1000.0,5.0,0.0,0.0,0.0,0.0,0.0,0.0,0.0,0.0,1.0,1.0,0.0,0.0,0.0,0.0,0.0,0.0,0.0,0.0,0.0,0.0,0.0,0.0,0.0,0.0,0.0,0.0,0.0,0.0,0.0,0.0,0.0,0.0,0.0,0.0,0.0,0.0,0.0,1.0,0.0,0.0,0.0,0.0,0.0,0.0,0.0,0.0,0.0,0.0,0.0,0.0,0.0,0.0,0.0,0.0,0.0,0.0,0.0,0.0,0.0,0.0,0.0,0.0,0.0,0.0,0.0,0.0,0.0,0.0,0.0,0.0,0.0,0.0,0.0,4.526,0.0,0.0,0.0,1.0,1.0,0.0,20.0,1.0,0.0,0.0,
51,1.0,0.0,0.0,1.0,20.0,0.0,1.0,0.0,0.0,51.0,51.0,51.0,51.0,8.0,8.0,8.0,8.0,69.0,5.0,5.0,1000.0,5.0,0.0,0.0,0.0,0.0,0.0,0.0,0.0,0.0,1.0,0.0,0.0,0.0,0.0,0.0,0.0,0.0,0.0,0.0,0.0,0.0,0.0,0.0,0.0,0.0,0.0,0.0,0.0,0.0,0.0,1.0,0.0,0.0,0.0,0.0,0.0,0.0,0.0,0.0,0.0,0.0,0.0,0.0,0.0,0.0,0.0,0.0,0.0,0.0,0.0,0.0,0.0,0.0,0.0,0.0,0.0,0.0,0.0,0.0,0.0,0.0,0.0,0.0,0.0,0.0,0.0,0.0,0.0,0.0,0.0,0.0,0.0,0.0,0.0,0.825,0.0,0.0,0.0,1.0,1.0,0.0,20.0,1.0,0.0,0.0,
56,1.0,0.0,0.0,1.0,20.0,140.0,1.0,0.0,0.0,51.0,51.0,51.0,51.0,8.0,8.0,8.0,8.0,69.0,5.0,5.0,1000.0,5.0,0.0,0.0,0.0,0.0,0.0,0.0,0.0,0.0,1.0,1.0,0.0,0.0,0.0,0.0,0.0,0.0,0.0,0.0,0.0,0.0,0.0,0.0,0.0,0.0,0.0,0.0,0.0,0.0,0.0,0.0,0.0,0.0,0.0,0.0,0.0,0.0,0.0,1.0,0.0,0.0,0.0,0.0,0.0,0.0,0.0,0.0,0.0,0.0,0.0,0.0,0.0,0.0,0.0,0.0,0.0,0.0,0.0,0.0,0.0,0.0,0.0,0.0,0.0,0.0,0.0,0.0,0.0,0.0,0.0,0.0,0.0,0.0,0.0,0.539,0.0,0.0,0.0,1.0,1.0,140.0,20.0,1.0,0.0,0.0,
58,1.0,0.0,0.0,1.0,20.0,0.0,1.0,0.0,0.0,51.0,51.0,51.0,51.0,8.0,8.0,8.0,8.0,69.0,5.0,5.0,1000.0,5.0,0.0,0.0,0.0,0.0,0.0,0.0,0.0,0.0,1.0,1.0,0.0,0.0,0.0,0.0,0.0,0.0,0.0,0.0,0.0,0.0,0.0,0.0,0.0,0.0,0.0,0.0,0.0,0.0,0.0,0.0,0.0,0.0,0.0,0.0,0.0,0.0,0.0,1.0,0.0,0.0,0.0,0.0,0.0,0.0,0.0,0.0,0.0,0.0,0.0,0.0,0.0,0.0,0.0,0.0,0.0,0.0,0.0,0.0,0.0,0.0,0.0,0.0,0.0,0.0,0.0,0.0,0.0,0.0,0.0,0.0,0.0,0.0,0.0,0.539,0.0,0.0,0.0,1.0,1.0,0.0,20.0,1.0,0.0,0.0,
63,1.0,0.0,0.0,1.0,20.0,0.0,1.0,0.0,0.0,51.0,51.0,51.0,51.0,8.0,8.0,8.0,8.0,1.0,5.0,5.0,0.0,5.0,0.0,0.0,0.0,0.0,0.0,0.0,0.0,0.0,1.0,0.0,0.0,0.0,0.0,0.0,0.0,0.0,0.0,0.0,0.0,0.0,0.0,0.0,0.0,0.0,0.0,0.0,0.0,0.0,0.0,0.0,0.0,0.0,0.0,0.0,0.0,0.0,0.0,0.0,0.0,0.0,0.0,0.0,0.0,0.0,0.0,0.0,0.0,0.0,0.0,0.0,0.0,0.0,0.0,0.0,0.0,0.0,0.0,0.0,0.0,0.0,0.0,0.0,0.0,0.0,0.0,0.0,0.0,0.0,0.0,0.0,0.0,0.0,0.0,0.066,0.0,0.0,0.0,1.0,1.0,0.0,20.0,1.0,0.0,0.0,
65,1.0,0.0,0.0,1.0,20.0,0.0,1.0,0.0,0.0,51.0,51.0,51.0,51.0,8.0,8.0,8.0,8.0,4.0,5.0,5.0,0.0,0.0,0.0,0.0,0.0,0.0,0.0,0.0,0.0,0.0,1.0,0.0,0.0,0.0,0.0,0.0,0.0,0.0,0.0,0.0,0.0,0.0,0.0,0.0,0.0,0.0,0.0,0.0,0.0,0.0,0.0,0.0,0.0,0.0,0.0,0.0,0.0,0.0,0.0,0.0,0.0,0.0,0.0,0.0,0.0,0.0,0.0,0.0,0.0,0.0,0.0,0.0,0.0,0.0,0.0,0.0,0.0,0.0,0.0,0.0,0.0,0.0,0.0,0.0,0.0,0.0,0.0,0.0,0.0,0.0,0.0,0.0,0.0,0.0,0.0,0.047,0.0,0.0,0.0,1.0,1.0,0.0,20.0,1.0,0.0,0.0,
79,1.0,0.0,0.0,1.0,20.0,0.0,1.0,0.0,0.0,51.0,51.0,51.0,51.0,8.0,8.0,8.0,8.0,4.0,0.0,5.0,0.0,0.0,0.0,69.0,5.0,5.0,0.0,0.0,0.0,0.0,0.0,0.0,0.0,1.0,0.0,0.0,0.0,0.0,0.0,0.0,0.0,0.0,0.0,0.0,0.0,0.0,0.0,0.0,0.0,0.0,0.0,0.0,0.0,0.0,0.0,0.0,0.0,0.0,0.0,0.0,0.0,0.0,0.0,0.0,0.0,0.0,0.0,0.0,0.0,0.0,0.0,0.0,0.0,0.0,0.0,0.0,0.0,0.0,0.0,0.0,0.0,0.0,0.0,0.0,0.0,0.0,0.0,0.0,0.0,0.0,0.0,0.0,0.0,0.0,0.0,0.0,0.0,0.0,0.02,0.0,0.0,0.0,1.0,1.0,0.0,20.0,1.0,0.0,0.0,
82,1.0,0.0,0.0,1.0,20.0,0.0,1.0,0.0,0.0,51.0,51.0,51.0,51.0,8.0,8.0,8.0,8.0,4.0,0.0,5.0,0.0,0.0,0.0,69.0,5.0,5.0,1000.0,0.0,0.0,0.0,0.0,0.0,0.0,0.0,1.0,0.0,0.0,0.0,0.0,0.0,0.0,0.0,0.0,0.0,0.0,0.0,0.0,0.0,0.0,0.0,0.0,0.0,0.0,0.0,0.0,0.0,0.0,1.0,0.0,0.0,0.0,0.0,0.0,0.0,0.0,0.0,0.0,0.0,0.0,0.0,0.0,0.0,0.0,0.0,0.0,0.0,0.0,0.0,0.0,0.0,0.0,0.0,0.0,0.0,0.0,0.0,0.0,0.0,0.0,0.0,0.0,0.0,0.0,0.0,0.0,0.0,0.0,0.0,0.0,14.453,0.0,0.0,0.0,1.0,1.0,0.0,20.0,1.0,0.0,0.0,
87,1.0,0.0,0.0,1.0,20.0,140.0,1.0,0.0,0.0,51.0,51.0,51.0,51.0,8.0,8.0,8.0,8.0,4.0,0.0,5.0,0.0,0.0,0.0,69.0,5.0,5.0,1000.0,1.0,0.0,0.0,0.0,0.0,0.0,0.0,0.0,1.0,1.0,0.0,0.0,0.0,0.0,0.0,0.0,0.0,0.0,0.0,0.0,0.0,0.0,0.0,0.0,0.0,0.0,0.0,0.0,0.0,0.0,0.0,0.0,0.0,0.0,0.0,0.0,0.0,0.0,0.0,1.0,0.0,0.0,0.0,0.0,0.0,0.0,0.0,0.0,0.0,0.0,0.0,0.0,0.0,0.0,0.0,0.0,0.0,0.0,0.0,0.0,0.0,0.0,0.0,0.0,0.0,0.0,0.0,0.0,0.0,0.0,0.0,0.0,0.0,1.0,0.0,0.0,0.0,1.0,1.0,140.0,20.0,1.0,0.0,0.0,
89,1.0,0.0,0.0,1.0,20.0,0.0,1.0,0.0,0.0,51.0,51.0,51.0,51.0,8.0,8.0,8.0,8.0,4.0,0.0,5.0,0.0,0.0,0.0,69.0,5.0,5.0,1000.0,1.0,0.0,0.0,0.0,0.0,0.0,0.0,0.0,1.0,1.0,0.0,0.0,0.0,0.0,0.0,0.0,0.0,0.0,0.0,0.0,0.0,0.0,0.0,0.0,0.0,0.0,0.0,0.0,0.0,0.0,0.0,0.0,0.0,0.0,0.0,0.0,0.0,0.0,0.0,1.0,0.0,0.0,0.0,0.0,0.0,0.0,0.0,0.0,0.0,0.0,0.0,0.0,0.0,0.0,0.0,0.0,0.0,0.0,0.0,0.0,0.0,0.0,0.0,0.0,0.0,0.0,0.0,0.0,0.0,0.0,0.0,0.0,0.0,4.348,0.0,0.0,0.0,1.0,1.0,0.0,20.0,1.0,0.0,0.0,
91,1.0,0.0,0.0,1.0,20.0,140.0,1.0,0.0,0.0,51.0,51.0,51.0,51.0,8.0,8.0,8.0,8.0,4.0,0.0,5.0,0.0,0.0,0.0,69.0,5.0,5.0,1000.0,2.0,0.0,0.0,0.0,0.0,0.0,0.0,0.0,1.0,1.0,0.0,0.0,0.0,0.0,0.0,0.0,0.0,0.0,0.0,0.0,0.0,0.0,0.0,0.0,0.0,0.0,0.0,0.0,0.0,0.0,0.0,0.0,0.0,0.0,0.0,0.0,0.0,0.0,0.0,1.0,0.0,0.0,0.0,0.0,0.0,0.0,0.0,0.0,0.0,0.0,0.0,0.0,0.0,0.0,0.0,0.0,0.0,0.0,0.0,0.0,0.0,0.0,0.0,0.0,0.0,0.0,0.0,0.0,0.0,0.0,0.0,0.0,0.0,1.863,0.0,0.0,0.0,1.0,1.0,140.0,20.0,1.0,0.0,0.0,
93,1.0,0.0,0.0,1.0,20.0,0.0,1.0,0.0,0.0,51.0,51.0,51.0,51.0,8.0,8.0,8.0,8.0,4.0,0.0,5.0,0.0,0.0,0.0,69.0,5.0,5.0,1000.0,2.0,0.0,0.0,0.0,0.0,0.0,0.0,0.0,1.0,1.0,0.0,0.0,0.0,0.0,0.0,0.0,0.0,0.0,0.0,0.0,0.0,0.0,0.0,0.0,0.0,0.0,0.0,0.0,0.0,0.0,0.0,0.0,0.0,0.0,0.0,0.0,0.0,0.0,0.0,1.0,0.0,0.0,0.0,0.0,0.0,0.0,0.0,0.0,0.0,0.0,0.0,0.0,0.0,0.0,0.0,0.0,0.0,0.0,0.0,0.0,0.0,0.0,0.0,0.0,0.0,0.0,0.0,0.0,0.0,0.0,0.0,0.0,0.0,3.953,0.0,0.0,0.0,1.0,1.0,0.0,20.0,1.0,0.0,0.0,
95,1.0,0.0,0.0,1.0,20.0,140.0,1.0,0.0,0.0,51.0,51.0,51.0,51.0,8.0,8.0,8.0,8.0,4.0,0.0,5.0,0.0,0.0,0.0,69.0,5.0,5.0,1000.0,3.0,0.0,0.0,0.0,0.0,0.0,0.0,0.0,1.0,1.0,0.0,0.0,0.0,0.0,0.0,0.0,0.0,0.0,0.0,0.0,0.0,0.0,0.0,0.0,0.0,0.0,0.0,0.0,0.0,0.0,0.0,0.0,0.0,0.0,0.0,0.0,0.0,0.0,0.0,1.0,0.0,0.0,0.0,0.0,0.0,0.0,0.0,0.0,0.0,0.0,0.0,0.0,0.0,0.0,0.0,0.0,0.0,0.0,0.0,0.0,0.0,0.0,0.0,0.0,0.0,0.0,0.0,0.0,0.0,0.0,0.0,0.0,0.0,2.584,0.0,0.0,0.0,1.0,1.0,140.0,20.0,1.0,0.0,0.0,
97,1.0,0.0,0.0,1.0,20.0,0.0,1.0,0.0,0.0,51.0,51.0,51.0,51.0,8.0,8.0,8.0,8.0,4.0,0.0,5.0,0.0,0.0,0.0,69.0,5.0,5.0,1000.0,3.0,0.0,0.0,0.0,0.0,0.0,0.0,0.0,1.0,1.0,0.0,0.0,0.0,0.0,0.0,0.0,0.0,0.0,0.0,0.0,0.0,0.0,0.0,0.0,0.0,0.0,0.0,0.0,0.0,0.0,0.0,0.0,0.0,0.0,0.0,0.0,0.0,0.0,0.0,1.0,0.0,0.0,0.0,0.0,0.0,0.0,0.0,0.0,0.0,0.0,0.0,0.0,0.0,0.0,0.0,0.0,0.0,0.0,0.0,0.0,0.0,0.0,0.0,0.0,0.0,0.0,0.0,0.0,0.0,0.0,0.0,0.0,0.0,5.532,0.0,0.0,0.0,1.0,1.0,0.0,20.0,1.0,0.0,0.0,
99,1.0,0.0,0.0,1.0,20.0,140.0,1.0,0.0,0.0,51.0,51.0,51.0,51.0,8.0,8.0,8.0,8.0,4.0,0.0,5.0,0.0,0.0,0.0,69.0,5.0,5.0,1000.0,4.0,0.0,0.0,0.0,0.0,0.0,0.0,0.0,1.0,1.0,0.0,0.0,0.0,0.0,0.0,0.0,0.0,0.0,0.0,0.0,0.0,0.0,0.0,0.0,0.0,0.0,0.0,0.0,0.0,0.0,0.0,0.0,0.0,0.0,0.0,0.0,0.0,0.0,0.0,1.0,0.0,0.0,0.0,0.0,0.0,0.0,0.0,0.0,0.0,0.0,0.0,0.0,0.0,0.0,0.0,0.0,0.0,0.0,0.0,0.0,0.0,0.0,0.0,0.0,0.0,0.0,0.0,0.0,0.0,0.0,0.0,0.0,0.0,2.356,0.0,0.0,0.0,1.0,1.0,140.0,20.0,1.0,0.0,0.0,
101,1.0,0.0,0.0,1.0,20.0,0.0,1.0,0.0,0.0,51.0,51.0,51.0,51.0,8.0,8.0,8.0,8.0,4.0,0.0,5.0,0.0,0.0,0.0,69.0,5.0,5.0,1000.0,4.0,0.0,0.0,0.0,0.0,0.0,0.0,0.0,1.0,1.0,0.0,0.0,0.0,0.0,0.0,0.0,0.0,0.0,0.0,0.0,0.0,0.0,0.0,0.0,0.0,0.0,0.0,0.0,0.0,0.0,0.0,0.0,0.0,0.0,0.0,0.0,0.0,0.0,0.0,1.0,0.0,0.0,0.0,0.0,0.0,0.0,0.0,0.0,0.0,0.0,0.0,0.0,0.0,0.0,0.0,0.0,0.0,0.0,0.0,0.0,0.0,0.0,0.0,0.0,0.0,0.0,0.0,0.0,0.0,0.0,0.0,0.0,0.0,3.271,0.0,0.0,0.0,1.0,1.0,0.0,20.0,1.0,0.0,0.0,
103,1.0,0.0,0.0,1.0,20.0,140.0,1.0,0.0,0.0,51.0,51.0,51.0,51.0,8.0,8.0,8.0,8.0,4.0,0.0,5.0,0.0,0.0,0.0,69.0,5.0,5.0,1000.0,5.0,0.0,0.0,0.0,0.0,0.0,0.0,0.0,1.0,1.0,0.0,0.0,0.0,0.0,0.0,0.0,0.0,0.0,0.0,0.0,0.0,0.0,0.0,0.0,0.0,0.0,0.0,0.0,0.0,0.0,0.0,0.0,0.0,0.0,0.0,0.0,0.0,0.0,0.0,1.0,0.0,0.0,0.0,0.0,0.0,0.0,0.0,0.0,0.0,0.0,0.0,0.0,0.0,0.0,0.0,0.0,0.0,0.0,0.0,0.0,0.0,0.0,0.0,0.0,0.0,0.0,0.0,0.0,0.0,0.0,0.0,0.0,0.0,2.148,0.0,0.0,0.0,1.0,1.0,140.0,20.0,1.0,0.0,0.0,
105,1.0,0.0,0.0,1.0,20.0,0.0,1.0,0.0,0.0,51.0,51.0,51.0,51.0,8.0,8.0,8.0,8.0,4.0,0.0,5.0,0.0,0.0,0.0,69.0,5.0,5.0,1000.0,5.0,0.0,0.0,0.0,0.0,0.0,0.0,0.0,1.0,1.0,0.0,0.0,0.0,0.0,0.0,0.0,0.0,0.0,0.0,0.0,0.0,0.0,0.0,0.0,0.0,0.0,0.0,0.0,0.0,0.0,0.0,0.0,0.0,0.0,0.0,0.0,0.0,0.0,0.0,1.0,0.0,0.0,0.0,0.0,0.0,0.0,0.0,0.0,0.0,0.0,0.0,0.0,0.0,0.0,0.0,0.0,0.0,0.0,0.0,0.0,0.0,0.0,0.0,0.0,0.0,0.0,0.0,0.0,0.0,0.0,0.0,0.0,0.0,4.547,0.0,0.0,0.0,1.0,1.0,0.0,20.0,1.0,0.0,0.0,
109,1.0,0.0,0.0,1.0,20.0,0.0,1.0,0.0,0.0,51.0,51.0,51.0,51.0,8.0,8.0,8.0,8.0,4.0,0.0,5.0,0.0,0.0,0.0,69.0,5.0,5.0,1000.0,5.0,0.0,0.0,0.0,0.0,0.0,0.0,0.0,1.0,0.0,0.0,0.0,0.0,0.0,0.0,0.0,0.0,0.0,0.0,0.0,0.0,0.0,0.0,0.0,0.0,0.0,0.0,0.0,0.0,0.0,0.0,1.0,0.0,0.0,0.0,0.0,0.0,0.0,0.0,0.0,0.0,0.0,0.0,0.0,0.0,0.0,0.0,0.0,0.0,0.0,0.0,0.0,0.0,0.0,0.0,0.0,0.0,0.0,0.0,0.0,0.0,0.0,0.0,0.0,0.0,0.0,0.0,0.0,0.0,0.0,0.0,0.0,0.0,0.814,0.0,0.0,0.0,1.0,1.0,0.0,20.0,1.0,0.0,0.0,
114,1.0,0.0,0.0,1.0,20.0,140.0,1.0,0.0,0.0,51.0,51.0,51.0,51.0,8.0,8.0,8.0,8.0,4.0,0.0,5.0,0.0,0.0,0.0,69.0,5.0,5.0,1000.0,5.0,0.0,0.0,0.0,0.0,0.0,0.0,0.0,1.0,1.0,0.0,0.0,0.0,0.0,0.0,0.0,0.0,0.0,0.0,0.0,0.0,0.0,0.0,0.0,0.0,0.0,0.0,0.0,0.0,0.0,0.0,0.0,0.0,0.0,0.0,0.0,0.0,0.0,0.0,1.0,0.0,0.0,0.0,0.0,0.0,0.0,0.0,0.0,0.0,0.0,0.0,0.0,0.0,0.0,0.0,0.0,0.0,0.0,0.0,0.0,0.0,0.0,0.0,0.0,0.0,0.0,0.0,0.0,0.0,0.0,0.0,0.0,0.0,0.52,0.0,0.0,0.0,1.0,1.0,140.0,20.0,1.0,0.0,0.0,
116,1.0,0.0,0.0,1.0,20.0,0.0,1.0,0.0,0.0,51.0,51.0,51.0,51.0,8.0,8.0,8.0,8.0,4.0,0.0,5.0,0.0,0.0,0.0,69.0,5.0,5.0,1000.0,5.0,0.0,0.0,0.0,0.0,0.0,0.0,0.0,1.0,1.0,0.0,0.0,0.0,0.0,0.0,0.0,0.0,0.0,0.0,0.0,0.0,0.0,0.0,0.0,0.0,0.0,0.0,0.0,0.0,0.0,0.0,0.0,0.0,0.0,0.0,0.0,0.0,0.0,0.0,1.0,0.0,0.0,0.0,0.0,0.0,0.0,0.0,0.0,0.0,0.0,0.0,0.0,0.0,0.0,0.0,0.0,0.0,0.0,0.0,0.0,0.0,0.0,0.0,0.0,0.0,0.0,0.0,0.0,0.0,0.0,0.0,0.0,0.0,4.106,0.0,0.0,0.0,1.0,1.0,0.0,20.0,1.0,0.0,0.0,
121,1.0,0.0,0.0,1.0,20.0,0.0,1.0,0.0,0.0,51.0,51.0,51.0,51.0,8.0,8.0,8.0,8.0,4.0,0.0,5.0,0.0,0.0,0.0,1.0,5.0,5.0,0.0,5.0,0.0,0.0,0.0,0.0,0.0,0.0,0.0,1.0,0.0,0.0,0.0,0.0,0.0,0.0,0.0,0.0,0.0,0.0,0.0,0.0,0.0,0.0,0.0,0.0,0.0,0.0,0.0,0.0,0.0,0.0,0.0,0.0,0.0,0.0,0.0,0.0,0.0,0.0,0.0,0.0,0.0,0.0,0.0,0.0,0.0,0.0,0.0,0.0,0.0,0.0,0.0,0.0,0.0,0.0,0.0,0.0,0.0,0.0,0.0,0.0,0.0,0.0,0.0,0.0,0.0,0.0,0.0,0.0,0.0,0.0,0.0,0.0,0.064,0.0,0.0,0.0,1.0,1.0,0.0,20.0,1.0,0.0,0.0,
123,1.0,0.0,0.0,1.0,20.0,0.0,1.0,0.0,0.0,51.0,51.0,51.0,51.0,8.0,8.0,8.0,8.0,4.0,0.0,5.0,0.0,0.0,0.0,4.0,5.0,5.0,0.0,0.0,0.0,0.0,0.0,0.0,0.0,0.0,0.0,1.0,0.0,0.0,0.0,0.0,0.0,0.0,0.0,0.0,0.0,0.0,0.0,0.0,0.0,0.0,0.0,0.0,0.0,0.0,0.0,0.0,0.0,0.0,0.0,0.0,0.0,0.0,0.0,0.0,0.0,0.0,0.0,0.0,0.0,0.0,0.0,0.0,0.0,0.0,0.0,0.0,0.0,0.0,0.0,0.0,0.0,0.0,0.0,0.0,0.0,0.0,0.0,0.0,0.0,0.0,0.0,0.0,0.0,0.0,0.0,0.0,0.0,0.0,0.0,0.0,0.045,0.0,0.0,0.0,1.0,1.0,0.0,20.0,1.0,0.0,0.0,
138,1.0,0.0,0.0,1.0,20.0,0.0,1.0,0.0,0.0,51.0,51.0,51.0,51.0,8.0,8.0,8.0,8.0,21.0,3.0,3.0,0.0,0.0,0.0,4.0,0.0,5.0,0.0,0.0,0.0,0.0,0.0,0.0,0.0,0.0,0.0,1.0,0.0,0.0,0.0,0.0,0.0,0.0,0.0,0.0,0.0,0.0,0.0,0.0,0.0,0.0,0.0,0.0,0.0,0.0,0.0,0.0,0.0,0.0,0.0,0.0,0.0,0.0,0.0,0.0,0.0,0.0,0.0,0.0,0.0,0.0,0.0,0.0,0.0,0.0,0.0,0.0,0.0,0.0,0.0,0.0,0.0,0.0,0.0,0.0,0.0,0.0,0.0,0.0,0.0,0.0,0.0,0.0,0.0,0.0,0.0,0.0,0.0,0.0,0.0,0.0,0.02,0.0,0.0,0.0,1.0,1.0,0.0,20.0,1.0,0.0,0.0,
141,1.0,0.0,0.0,1.0,20.0,0.0,1.0,0.0,0.0,51.0,51.0,51.0,51.0,8.0,8.0,8.0,8.0,21.0,3.0,3.0,1000.0,0.0,0.0,4.0,0.0,5.0,0.0,0.0,0.0,0.0,0.0,0.0,0.0,0.0,0.0,1.0,0.0,0.0,0.0,0.0,0.0,0.0,0.0,0.0,0.0,0.0,0.0,0.0,0.0,0.0,0.0,0.0,0.0,0.0,0.0,0.0,1.0,0.0,0.0,0.0,0.0,0.0,0.0,0.0,0.0,0.0,0.0,0.0,0.0,0.0,0.0,0.0,0.0,0.0,0.0,0.0,0.0,0.0,0.0,0.0,0.0,0.0,0.0,0.0,0.0,0.0,0.0,0.0,0.0,0.0,0.0,0.0,0.0,0.0,0.0,0.0,0.0,0.0,0.0,0.0,14.453,0.0,0.0,0.0,1.0,1.0,0.0,20.0,1.0,0.0,0.0,
146,1.0,0.0,0.0,1.0,20.0,140.0,1.0,0.0,0.0,51.0,51.0,51.0,51.0,8.0,8.0,8.0,8.0,21.0,3.0,3.0,1000.0,1.0,0.0,4.0,0.0,5.0,0.0,0.0,0.0,0.0,0.0,0.0,0.0,0.0,0.0,1.0,1.0,0.0,0.0,0.0,0.0,0.0,0.0,0.0,0.0,0.0,0.0,0.0,0.0,0.0,0.0,0.0,0.0,0.0,0.0,0.0,0.0,0.0,0.0,0.0,0.0,0.0,0.0,0.0,1.0,0.0,0.0,0.0,0.0,0.0,0.0,0.0,0.0,0.0,0.0,0.0,0.0,0.0,0.0,0.0,0.0,0.0,0.0,0.0,0.0,0.0,0.0,0.0,0.0,0.0,0.0,0.0,0.0,0.0,0.0,0.0,0.0,0.0,0.0,0.0,0.999,0.0,0.0,0.0,1.0,1.0,140.0,20.0,1.0,0.0,0.0,
148,1.0,0.0,0.0,1.0,20.0,0.0,1.0,0.0,0.0,51.0,51.0,51.0,51.0,8.0,8.0,8.0,8.0,21.0,3.0,3.0,1000.0,1.0,0.0,4.0,0.0,5.0,0.0,0.0,0.0,0.0,0.0,0.0,0.0,0.0,0.0,1.0,1.0,0.0,0.0,0.0,0.0,0.0,0.0,0.0,0.0,0.0,0.0,0.0,0.0,0.0,0.0,0.0,0.0,0.0,0.0,0.0,0.0,0.0,0.0,0.0,0.0,0.0,0.0,0.0,1.0,0.0,0.0,0.0,0.0,0.0,0.0,0.0,0.0,0.0,0.0,0.0,0.0,0.0,0.0,0.0,0.0,0.0,0.0,0.0,0.0,0.0,0.0,0.0,0.0,0.0,0.0,0.0,0.0,0.0,0.0,0.0,0.0,0.0,0.0,0.0,3.496,0.0,0.0,0.0,1.0,1.0,0.0,20.0,1.0,0.0,0.0,
150,1.0,0.0,0.0,1.0,20.0,140.0,1.0,0.0,0.0,51.0,51.0,51.0,51.0,8.0,8.0,8.0,8.0,21.0,3.0,3.0,1000.0,2.0,0.0,4.0,0.0,5.0,0.0,0.0,0.0,0.0,0.0,0.0,0.0,0.0,0.0,1.0,1.0,0.0,0.0,0.0,0.0,0.0,0.0,0.0,0.0,0.0,0.0,0.0,0.0,0.0,0.0,0.0,0.0,0.0,0.0,0.0,0.0,0.0,0.0,0.0,0.0,0.0,0.0,0.0,1.0,0.0,0.0,0.0,0.0,0.0,0.0,0.0,0.0,0.0,0.0,0.0,0.0,0.0,0.0,0.0,0.0,0.0,0.0,0.0,0.0,0.0,0.0,0.0,0.0,0.0,0.0,0.0,0.0,0.0,0.0,0.0,0.0,0.0,0.0,0.0,2.289,0.0,0.0,0.0,1.0,1.0,140.0,20.0,1.0,0.0,0.0,
152,1.0,0.0,0.0,1.0,20.0,0.0,1.0,0.0,0.0,51.0,51.0,51.0,51.0,8.0,8.0,8.0,8.0,21.0,3.0,3.0,1000.0,2.0,0.0,4.0,0.0,5.0,0.0,0.0,0.0,0.0,0.0,0.0,0.0,0.0,0.0,1.0,1.0,0.0,0.0,0.0,0.0,0.0,0.0,0.0,0.0,0.0,0.0,0.0,0.0,0.0,0.0,0.0,0.0,0.0,0.0,0.0,0.0,0.0,0.0,0.0,0.0,0.0,0.0,0.0,1.0,0.0,0.0,0.0,0.0,0.0,0.0,0.0,0.0,0.0,0.0,0.0,0.0,0.0,0.0,0.0,0.0,0.0,0.0,0.0,0.0,0.0,0.0,0.0,0.0,0.0,0.0,0.0,0.0,0.0,0.0,0.0,0.0,0.0,0.0,0.0,3.187,0.0,0.0,0.0,1.0,1.0,0.0,20.0,1.0,0.0,0.0,
154,1.0,0.0,0.0,1.0,20.0,140.0,1.0,0.0,0.0,51.0,51.0,51.0,51.0,8.0,8.0,8.0,8.0,21.0,3.0,3.0,1000.0,3.0,0.0,4.0,0.0,5.0,0.0,0.0,0.0,0.0,0.0,0.0,0.0,0.0,0.0,1.0,1.0,0.0,0.0,0.0,0.0,0.0,0.0,0.0,0.0,0.0,0.0,0.0,0.0,0.0,0.0,0.0,0.0,0.0,0.0,0.0,0.0,0.0,0.0,0.0,0.0,0.0,0.0,0.0,1.0,0.0,0.0,0.0,0.0,0.0,0.0,0.0,0.0,0.0,0.0,0.0,0.0,0.0,0.0,0.0,0.0,0.0,0.0,0.0,0.0,0.0,0.0,0.0,0.0,0.0,0.0,0.0,0.0,0.0,0.0,0.0,0.0,0.0,0.0,0.0,2.093,0.0,0.0,0.0,1.0,1.0,140.0,20.0,1.0,0.0,0.0,
156,1.0,0.0,0.0,1.0,20.0,0.0,1.0,0.0,0.0,51.0,51.0,51.0,51.0,8.0,8.0,8.0,8.0,21.0,3.0,3.0,1000.0,3.0,0.0,4.0,0.0,5.0,0.0,0.0,0.0,0.0,0.0,0.0,0.0,0.0,0.0,1.0,1.0,0.0,0.0,0.0,0.0,0.0,0.0,0.0,0.0,0.0,0.0,0.0,0.0,0.0,0.0,0.0,0.0,0.0,0.0,0.0,0.0,0.0,0.0,0.0,0.0,0.0,0.0,0.0,1.0,0.0,0.0,0.0,0.0,0.0,0.0,0.0,0.0,0.0,0.0,0.0,0.0,0.0,0.0,0.0,0.0,0.0,0.0,0.0,0.0,0.0,0.0,0.0,0.0,0.0,0.0,0.0,0.0,0.0,0.0,0.0,0.0,0.0,0.0,0.0,4.44,0.0,0.0,0.0,1.0,1.0,0.0,20.0,1.0,0.0,0.0,
160,1.0,0.0,0.0,1.0,20.0,0.0,1.0,0.0,0.0,51.0,51.0,51.0,51.0,8.0,8.0,8.0,8.0,21.0,3.0,3.0,1000.0,3.0,0.0,4.0,0.0,5.0,0.0,0.0,0.0,0.0,0.0,0.0,0.0,0.0,0.0,1.0,0.0,0.0,0.0,0.0,0.0,0.0,0.0,0.0,0.0,0.0,0.0,0.0,0.0,0.0,0.0,0.0,0.0,0.0,0.0,0.0,1.0,0.0,0.0,0.0,0.0,0.0,0.0,0.0,0.0,0.0,0.0,0.0,0.0,0.0,0.0,0.0,0.0,0.0,0.0,0.0,0.0,0.0,0.0,0.0,0.0,0.0,0.0,0.0,0.0,0.0,0.0,0.0,0.0,0.0,0.0,0.0,0.0,0.0,0.0,0.0,0.0,0.0,0.0,0.0,14.453,0.0,0.0,0.0,1.0,1.0,0.0,20.0,1.0,0.0,0.0,
165,1.0,0.0,0.0,1.0,20.0,140.0,1.0,0.0,0.0,51.0,51.0,51.0,51.0,8.0,8.0,8.0,8.0,21.0,3.0,3.0,1000.0,4.0,0.0,4.0,0.0,5.0,0.0,0.0,0.0,0.0,0.0,0.0,0.0,0.0,0.0,1.0,1.0,0.0,0.0,0.0,0.0,0.0,0.0,0.0,0.0,0.0,0.0,0.0,0.0,0.0,0.0,0.0,0.0,0.0,0.0,0.0,0.0,0.0,0.0,0.0,0.0,0.0,0.0,0.0,1.0,0.0,0.0,0.0,0.0,0.0,0.0,0.0,0.0,0.0,0.0,0.0,0.0,0.0,0.0,0.0,0.0,0.0,0.0,0.0,0.0,0.0,0.0,0.0,0.0,0.0,0.0,0.0,0.0,0.0,0.0,0.0,0.0,0.0,0.0,0.0,1.0,0.0,0.0,0.0,1.0,1.0,140.0,20.0,1.0,0.0,0.0,
167,1.0,0.0,0.0,1.0,20.0,0.0,1.0,0.0,0.0,51.0,51.0,51.0,51.0,8.0,8.0,8.0,8.0,21.0,3.0,3.0,1000.0,4.0,0.0,4.0,0.0,5.0,0.0,0.0,0.0,0.0,0.0,0.0,0.0,0.0,0.0,1.0,1.0,0.0,0.0,0.0,0.0,0.0,0.0,0.0,0.0,0.0,0.0,0.0,0.0,0.0,0.0,0.0,0.0,0.0,0.0,0.0,0.0,0.0,0.0,0.0,0.0,0.0,0.0,0.0,1.0,0.0,0.0,0.0,0.0,0.0,0.0,0.0,0.0,0.0,0.0,0.0,0.0,0.0,0.0,0.0,0.0,0.0,0.0,0.0,0.0,0.0,0.0,0.0,0.0,0.0,0.0,0.0,0.0,0.0,0.0,0.0,0.0,0.0,0.0,0.0,2.84,0.0,0.0,0.0,1.0,1.0,0.0,20.0,1.0,0.0,0.0,
169,1.0,0.0,0.0,1.0,20.0,140.0,1.0,0.0,0.0,51.0,51.0,51.0,51.0,8.0,8.0,8.0,8.0,21.0,3.0,3.0,1000.0,5.0,0.0,4.0,0.0,5.0,0.0,0.0,0.0,0.0,0.0,0.0,0.0,0.0,0.0,1.0,1.0,0.0,0.0,0.0,0.0,0.0,0.0,0.0,0.0,0.0,0.0,0.0,0.0,0.0,0.0,0.0,0.0,0.0,0.0,0.0,0.0,0.0,0.0,0.0,0.0,0.0,0.0,0.0,1.0,0.0,0.0,0.0,0.0,0.0,0.0,0.0,0.0,0.0,0.0,0.0,0.0,0.0,0.0,0.0,0.0,0.0,0.0,0.0,0.0,0.0,0.0,0.0,0.0,0.0,0.0,0.0,0.0,0.0,0.0,0.0,0.0,0.0,0.0,0.0,1.869,0.0,0.0,0.0,1.0,1.0,140.0,20.0,1.0,0.0,0.0,
171,1.0,0.0,0.0,1.0,20.0,0.0,1.0,0.0,0.0,51.0,51.0,51.0,51.0,8.0,8.0,8.0,8.0,21.0,3.0,3.0,1000.0,5.0,0.0,4.0,0.0,5.0,0.0,0.0,0.0,0.0,0.0,0.0,0.0,0.0,0.0,1.0,1.0,0.0,0.0,0.0,0.0,0.0,0.0,0.0,0.0,0.0,0.0,0.0,0.0,0.0,0.0,0.0,0.0,0.0,0.0,0.0,0.0,0.0,0.0,0.0,0.0,0.0,0.0,0.0,1.0,0.0,0.0,0.0,0.0,0.0,0.0,0.0,0.0,0.0,0.0,0.0,0.0,0.0,0.0,0.0,0.0,0.0,0.0,0.0,0.0,0.0,0.0,0.0,0.0,0.0,0.0,0.0,0.0,0.0,0.0,0.0,0.0,0.0,0.0,0.0,2.593,0.0,0.0,0.0,1.0,1.0,0.0,20.0,1.0,0.0,0.0,
173,1.0,0.0,0.0,1.0,20.0,140.0,1.0,0.0,0.0,51.0,51.0,51.0,51.0,8.0,8.0,8.0,8.0,21.0,3.0,3.0,1000.0,6.0,0.0,4.0,0.0,5.0,0.0,0.0,0.0,0.0,0.0,0.0,0.0,0.0,0.0,1.0,1.0,0.0,0.0,0.0,0.0,0.0,0.0,0.0,0.0,0.0,0.0,0.0,0.0,0.0,0.0,0.0,0.0,0.0,0.0,0.0,0.0,0.0,0.0,0.0,0.0,0.0,0.0,0.0,1.0,0.0,0.0,0.0,0.0,0.0,0.0,0.0,0.0,0.0,0.0,0.0,0.0,0.0,0.0,0.0,0.0,0.0,0.0,0.0,0.0,0.0,0.0,0.0,0.0,0.0,0.0,0.0,0.0,0.0,0.0,0.0,0.0,0.0,0.0,0.0,1.711,0.0,0.0,0.0,1.0,1.0,140.0,20.0,1.0,0.0,0.0,
175,1.0,0.0,0.0,1.0,20.0,0.0,1.0,0.0,0.0,51.0,51.0,51.0,51.0,8.0,8.0,8.0,8.0,21.0,3.0,3.0,1000.0,6.0,0.0,4.0,0.0,5.0,0.0,0.0,0.0,0.0,0.0,0.0,0.0,0.0,0.0,1.0,1.0,0.0,0.0,0.0,0.0,0.0,0.0,0.0,0.0,0.0,0.0,0.0,0.0,0.0,0.0,0.0,0.0,0.0,0.0,0.0,0.0,0.0,0.0,0.0,0.0,0.0,0.0,0.0,1.0,0.0,0.0,0.0,0.0,0.0,0.0,0.0,0.0,0.0,0.0,0.0,0.0,0.0,0.0,0.0,0.0,0.0,0.0,0.0,0.0,0.0,0.0,0.0,0.0,0.0,0.0,0.0,0.0,0.0,0.0,0.0,0.0,0.0,0.0,0.0,2.352,0.0,0.0,0.0,1.0,1.0,0.0,20.0,1.0,0.0,0.0,
180,1.0,0.0,0.0,1.0,20.0,0.0,1.0,0.0,0.0,51.0,51.0,51.0,51.0,8.0,8.0,8.0,8.0,1.0,3.0,3.0,0.0,3.0,0.0,4.0,0.0,5.0,0.0,0.0,0.0,0.0,0.0,0.0,0.0,0.0,0.0,1.0,0.0,0.0,0.0,0.0,0.0,0.0,0.0,0.0,0.0,0.0,0.0,0.0,0.0,0.0,0.0,0.0,0.0,0.0,0.0,0.0,0.0,0.0,0.0,0.0,0.0,0.0,0.0,0.0,0.0,0.0,0.0,0.0,0.0,0.0,0.0,0.0,0.0,0.0,0.0,0.0,0.0,0.0,0.0,0.0,0.0,0.0,0.0,0.0,0.0,0.0,0.0,0.0,0.0,0.0,0.0,0.0,0.0,0.0,0.0,0.0,0.0,0.0,0.0,0.0,1.558,0.0,0.0,0.0,1.0,1.0,0.0,20.0,1.0,0.0,0.0,
182,1.0,0.0,0.0,1.0,20.0,0.0,1.0,0.0,0.0,51.0,51.0,51.0,51.0,8.0,8.0,8.0,8.0,4.0,3.0,3.0,0.0,0.0,0.0,4.0,0.0,5.0,0.0,0.0,0.0,0.0,0.0,0.0,0.0,0.0,0.0,1.0,0.0,0.0,0.0,0.0,0.0,0.0,0.0,0.0,0.0,0.0,0.0,0.0,0.0,0.0,0.0,0.0,0.0,0.0,0.0,0.0,0.0,0.0,0.0,0.0,0.0,0.0,0.0,0.0,0.0,0.0,0.0,0.0,0.0,0.0,0.0,0.0,0.0,0.0,0.0,0.0,0.0,0.0,0.0,0.0,0.0,0.0,0.0,0.0,0.0,0.0,0.0,0.0,0.0,0.0,0.0,0.0,0.0,0.0,0.0,0.0,0.0,0.0,0.0,0.0,1.105,0.0,0.0,0.0,1.0,1.0,0.0,20.0,1.0,0.0,0.0,
196,1.0,0.0,0.0,1.0,20.0,0.0,1.0,0.0,0.0,51.0,51.0,51.0,51.0,8.0,8.0,8.0,8.0,4.0,0.0,3.0,0.0,0.0,0.0,21.0,3.0,3.0,0.0,0.0,0.0,0.0,0.0,0.0,0.0,0.0,0.0,1.0,0.0,0.0,0.0,0.0,0.0,0.0,0.0,0.0,0.0,0.0,0.0,0.0,0.0,0.0,0.0,0.0,0.0,0.0,0.0,0.0,0.0,0.0,0.0,0.0,0.0,0.0,0.0,0.0,0.0,0.0,0.0,0.0,0.0,0.0,0.0,0.0,0.0,0.0,0.0,0.0,0.0,0.0,0.0,0.0,0.0,0.0,0.0,0.0,0.0,0.0,0.0,0.0,0.0,0.0,0.0,0.0,0.0,0.0,0.0,0.0,0.0,0.0,0.0,0.0,0.438,0.0,0.0,0.0,1.0,1.0,0.0,20.0,1.0,0.0,0.0,
199,1.0,0.0,0.0,1.0,20.0,0.0,1.0,0.0,0.0,51.0,51.0,51.0,51.0,8.0,8.0,8.0,8.0,4.0,0.0,3.0,0.0,0.0,0.0,21.0,3.0,3.0,1000.0,0.0,0.0,0.0,0.0,0.0,0.0,0.0,0.0,1.0,0.0,0.0,0.0,0.0,0.0,0.0,0.0,0.0,0.0,0.0,0.0,0.0,0.0,0.0,0.0,0.0,0.0,0.0,0.0,0.0,0.0,0.0,1.0,0.0,0.0,0.0,0.0,0.0,0.0,0.0,0.0,0.0,0.0,0.0,0.0,0.0,0.0,0.0,0.0,0.0,0.0,0.0,0.0,0.0,0.0,0.0,0.0,0.0,0.0,0.0,0.0,0.0,0.0,0.0,0.0,0.0,0.0,0.0,0.0,0.0,0.0,0.0,0.0,0.0,14.453,0.0,0.0,0.0,1.0,1.0,0.0,20.0,1.0,0.0,0.0,
204,1.0,0.0,0.0,1.0,20.0,140.0,1.0,0.0,0.0,51.0,51.0,51.0,51.0,8.0,8.0,8.0,8.0,4.0,0.0,3.0,0.0,0.0,0.0,21.0,3.0,3.0,1000.0,1.0,0.0,0.0,0.0,0.0,0.0,0.0,0.0,1.0,1.0,0.0,0.0,0.0,0.0,0.0,0.0,0.0,0.0,0.0,0.0,0.0,0.0,0.0,0.0,0.0,0.0,0.0,0.0,0.0,0.0,0.0,0.0,0.0,0.0,0.0,0.0,0.0,0.0,0.0,1.0,0.0,0.0,0.0,0.0,0.0,0.0,0.0,0.0,0.0,0.0,0.0,0.0,0.0,0.0,0.0,0.0,0.0,0.0,0.0,0.0,0.0,0.0,0.0,0.0,0.0,0.0,0.0,0.0,0.0,0.0,0.0,0.0,0.0,1.79,0.0,0.0,0.0,1.0,1.0,140.0,20.0,1.0,0.0,0.0,
206,1.0,0.0,0.0,1.0,20.0,0.0,1.0,0.0,0.0,51.0,51.0,51.0,51.0,8.0,8.0,8.0,8.0,4.0,0.0,3.0,0.0,0.0,0.0,21.0,3.0,3.0,1000.0,1.0,0.0,0.0,0.0,0.0,0.0,0.0,0.0,1.0,1.0,0.0,0.0,0.0,0.0,0.0,0.0,0.0,0.0,0.0,0.0,0.0,0.0,0.0,0.0,0.0,0.0,0.0,0.0,0.0,0.0,0.0,0.0,0.0,0.0,0.0,0.0,0.0,0.0,0.0,1.0,0.0,0.0,0.0,0.0,0.0,0.0,0.0,0.0,0.0,0.0,0.0,0.0,0.0,0.0,0.0,0.0,0.0,0.0,0.0,0.0,0.0,0.0,0.0,0.0,0.0,0.0,0.0,0.0,0.0,0.0,0.0,0.0,0.0,3.688,0.0,0.0,0.0,1.0,1.0,0.0,20.0,1.0,0.0,0.0,
208,1.0,0.0,0.0,1.0,20.0,140.0,1.0,0.0,0.0,51.0,51.0,51.0,51.0,8.0,8.0,8.0,8.0,4.0,0.0,3.0,0.0,0.0,0.0,21.0,3.0,3.0,1000.0,2.0,0.0,0.0,0.0,0.0,0.0,0.0,0.0,1.0,1.0,0.0,0.0,0.0,0.0,0.0,0.0,0.0,0.0,0.0,0.0,0.0,0.0,0.0,0.0,0.0,0.0,0.0,0.0,0.0,0.0,0.0,0.0,0.0,0.0,0.0,0.0,0.0,0.0,0.0,1.0,0.0,0.0,0.0,0.0,0.0,0.0,0.0,0.0,0.0,0.0,0.0,0.0,0.0,0.0,0.0,0.0,0.0,0.0,0.0,0.0,0.0,0.0,0.0,0.0,0.0,0.0,0.0,0.0,0.0,0.0,0.0,0.0,0.0,1.593,0.0,0.0,0.0,1.0,1.0,140.0,20.0,1.0,0.0,0.0,
210,1.0,0.0,0.0,1.0,20.0,0.0,1.0,0.0,0.0,51.0,51.0,51.0,51.0,8.0,8.0,8.0,8.0,4.0,0.0,3.0,0.0,0.0,0.0,21.0,3.0,3.0,1000.0,2.0,0.0,0.0,0.0,0.0,0.0,0.0,0.0,1.0,1.0,0.0,0.0,0.0,0.0,0.0,0.0,0.0,0.0,0.0,0.0,0.0,0.0,0.0,0.0,0.0,0.0,0.0,0.0,0.0,0.0,0.0,0.0,0.0,0.0,0.0,0.0,0.0,0.0,0.0,1.0,0.0,0.0,0.0,0.0,0.0,0.0,0.0,0.0,0.0,0.0,0.0,0.0,0.0,0.0,0.0,0.0,0.0,0.0,0.0,0.0,0.0,0.0,0.0,0.0,0.0,0.0,0.0,0.0,0.0,0.0,0.0,0.0,0.0,3.356,0.0,0.0,0.0,1.0,1.0,0.0,20.0,1.0,0.0,0.0,
212,1.0,0.0,0.0,1.0,20.0,140.0,1.0,0.0,0.0,51.0,51.0,51.0,51.0,8.0,8.0,8.0,8.0,4.0,0.0,3.0,0.0,0.0,0.0,21.0,3.0,3.0,1000.0,3.0,0.0,0.0,0.0,0.0,0.0,0.0,0.0,1.0,1.0,0.0,0.0,0.0,0.0,0.0,0.0,0.0,0.0,0.0,0.0,0.0,0.0,0.0,0.0,0.0,0.0,0.0,0.0,0.0,0.0,0.0,0.0,0.0,0.0,0.0,0.0,0.0,0.0,0.0,1.0,0.0,0.0,0.0,0.0,0.0,0.0,0.0,0.0,0.0,0.0,0.0,0.0,0.0,0.0,0.0,0.0,0.0,0.0,0.0,0.0,0.0,0.0,0.0,0.0,0.0,0.0,0.0,0.0,0.0,0.0,0.0,0.0,0.0,1.459,0.0,0.0,0.0,1.0,1.0,140.0,20.0,1.0,0.0,0.0,
214,1.0,0.0,0.0,1.0,20.0,0.0,1.0,0.0,0.0,51.0,51.0,51.0,51.0,8.0,8.0,8.0,8.0,4.0,0.0,3.0,0.0,0.0,0.0,21.0,3.0,3.0,1000.0,3.0,0.0,0.0,0.0,0.0,0.0,0.0,0.0,1.0,1.0,0.0,0.0,0.0,0.0,0.0,0.0,0.0,0.0,0.0,0.0,0.0,0.0,0.0,0.0,0.0,0.0,0.0,0.0,0.0,0.0,0.0,0.0,0.0,0.0,0.0,0.0,0.0,0.0,0.0,1.0,0.0,0.0,0.0,0.0,0.0,0.0,0.0,0.0,0.0,0.0,0.0,0.0,0.0,0.0,0.0,0.0,0.0,0.0,0.0,0.0,0.0,0.0,0.0,0.0,0.0,0.0,0.0,0.0,0.0,0.0,0.0,0.0,0.0,3.046,0.0,0.0,0.0,1.0,1.0,0.0,20.0,1.0,0.0,0.0,
218,1.0,0.0,0.0,1.0,20.0,0.0,1.0,0.0,0.0,51.0,51.0,51.0,51.0,8.0,8.0,8.0,8.0,4.0,0.0,3.0,0.0,0.0,0.0,21.0,3.0,3.0,1000.0,3.0,0.0,0.0,0.0,0.0,0.0,0.0,0.0,1.0,0.0,0.0,0.0,0.0,0.0,0.0,0.0,0.0,0.0,0.0,0.0,0.0,0.0,0.0,0.0,0.0,0.0,0.0,0.0,0.0,0.0,0.0,1.0,0.0,0.0,0.0,0.0,0.0,0.0,0.0,0.0,0.0,0.0,0.0,0.0,0.0,0.0,0.0,0.0,0.0,0.0,0.0,0.0,0.0,0.0,0.0,0.0,0.0,0.0,0.0,0.0,0.0,0.0,0.0,0.0,0.0,0.0,0.0,0.0,0.0,0.0,0.0,0.0,0.0,14.454,0.0,0.0,0.0,1.0,1.0,0.0,20.0,1.0,0.0,0.0,
223,1.0,0.0,0.0,1.0,20.0,140.0,1.0,0.0,0.0,51.0,51.0,51.0,51.0,8.0,8.0,8.0,8.0,4.0,0.0,3.0,0.0,0.0,0.0,21.0,3.0,3.0,1000.0,4.0,0.0,0.0,0.0,0.0,0.0,0.0,0.0,1.0,1.0,0.0,0.0,0.0,0.0,0.0,0.0,0.0,0.0,0.0,0.0,0.0,0.0,0.0,0.0,0.0,0.0,0.0,0.0,0.0,0.0,0.0,0.0,0.0,0.0,0.0,0.0,0.0,0.0,0.0,1.0,0.0,0.0,0.0,0.0,0.0,0.0,0.0,0.0,0.0,0.0,0.0,0.0,0.0,0.0,0.0,0.0,0.0,0.0,0.0,0.0,0.0,0.0,0.0,0.0,0.0,0.0,0.0,0.0,0.0,0.0,0.0,0.0,0.0,1.0,0.0,0.0,0.0,1.0,1.0,140.0,20.0,1.0,0.0,0.0,
225,1.0,0.0,0.0,1.0,20.0,0.0,1.0,0.0,0.0,51.0,51.0,51.0,51.0,8.0,8.0,8.0,8.0,4.0,0.0,3.0,0.0,0.0,0.0,21.0,3.0,3.0,1000.0,4.0,0.0,0.0,0.0,0.0,0.0,0.0,0.0,1.0,1.0,0.0,0.0,0.0,0.0,0.0,0.0,0.0,0.0,0.0,0.0,0.0,0.0,0.0,0.0,0.0,0.0,0.0,0.0,0.0,0.0,0.0,0.0,0.0,0.0,0.0,0.0,0.0,0.0,0.0,1.0,0.0,0.0,0.0,0.0,0.0,0.0,0.0,0.0,0.0,0.0,0.0,0.0,0.0,0.0,0.0,0.0,0.0,0.0,0.0,0.0,0.0,0.0,0.0,0.0,0.0,0.0,0.0,0.0,0.0,0.0,0.0,0.0,0.0,3.387,0.0,0.0,0.0,1.0,1.0,0.0,20.0,1.0,0.0,0.0,
227,1.0,0.0,0.0,1.0,20.0,140.0,1.0,0.0,0.0,51.0,51.0,51.0,51.0,8.0,8.0,8.0,8.0,4.0,0.0,3.0,0.0,0.0,0.0,21.0,3.0,3.0,1000.0,5.0,0.0,0.0,0.0,0.0,0.0,0.0,0.0,1.0,1.0,0.0,0.0,0.0,0.0,0.0,0.0,0.0,0.0,0.0,0.0,0.0,0.0,0.0,0.0,0.0,0.0,0.0,0.0,0.0,0.0,0.0,0.0,0.0,0.0,0.0,0.0,0.0,0.0,0.0,1.0,0.0,0.0,0.0,0.0,0.0,0.0,0.0,0.0,0.0,0.0,0.0,0.0,0.0,0.0,0.0,0.0,0.0,0.0,0.0,0.0,0.0,0.0,0.0,0.0,0.0,0.0,0.0,0.0,0.0,0.0,0.0,0.0,0.0,1.47,0.0,0.0,0.0,1.0,1.0,140.0,20.0,1.0,0.0,0.0,
229,1.0,0.0,0.0,1.0,20.0,0.0,1.0,0.0,0.0,51.0,51.0,51.0,51.0,8.0,8.0,8.0,8.0,4.0,0.0,3.0,0.0,0.0,0.0,21.0,3.0,3.0,1000.0,5.0,0.0,0.0,0.0,0.0,0.0,0.0,0.0,1.0,1.0,0.0,0.0,0.0,0.0,0.0,0.0,0.0,0.0,0.0,0.0,0.0,0.0,0.0,0.0,0.0,0.0,0.0,0.0,0.0,0.0,0.0,0.0,0.0,0.0,0.0,0.0,0.0,0.0,0.0,1.0,0.0,0.0,0.0,0.0,0.0,0.0,0.0,0.0,0.0,0.0,0.0,0.0,0.0,0.0,0.0,0.0,0.0,0.0,0.0,0.0,0.0,0.0,0.0,0.0,0.0,0.0,0.0,0.0,0.0,0.0,0.0,0.0,0.0,3.078,0.0,0.0,0.0,1.0,1.0,0.0,20.0,1.0,0.0,0.0,
231,1.0,0.0,0.0,1.0,20.0,140.0,1.0,0.0,0.0,51.0,51.0,51.0,51.0,8.0,8.0,8.0,8.0,4.0,0.0,3.0,0.0,0.0,0.0,21.0,3.0,3.0,1000.0,6.0,0.0,0.0,0.0,0.0,0.0,0.0,0.0,1.0,1.0,0.0,0.0,0.0,0.0,0.0,0.0,0.0,0.0,0.0,0.0,0.0,0.0,0.0,0.0,0.0,0.0,0.0,0.0,0.0,0.0,0.0,0.0,0.0,0.0,0.0,0.0,0.0,0.0,0.0,1.0,0.0,0.0,0.0,0.0,0.0,0.0,0.0,0.0,0.0,0.0,0.0,0.0,0.0,0.0,0.0,0.0,0.0,0.0,0.0,0.0,0.0,0.0,0.0,0.0,0.0,0.0,0.0,0.0,0.0,0.0,0.0,0.0,0.0,2.024,0.0,0.0,0.0,1.0,1.0,140.0,20.0,1.0,0.0,0.0,
233,1.0,0.0,0.0,1.0,20.0,0.0,1.0,0.0,0.0,51.0,51.0,51.0,51.0,8.0,8.0,8.0,8.0,4.0,0.0,3.0,0.0,0.0,0.0,21.0,3.0,3.0,1000.0,6.0,0.0,0.0,0.0,0.0,0.0,0.0,0.0,1.0,1.0,0.0,0.0,0.0,0.0,0.0,0.0,0.0,0.0,0.0,0.0,0.0,0.0,0.0,0.0,0.0,0.0,0.0,0.0,0.0,0.0,0.0,0.0,0.0,0.0,0.0,0.0,0.0,0.0,0.0,1.0,0.0,0.0,0.0,0.0,0.0,0.0,0.0,0.0,0.0,0.0,0.0,0.0,0.0,0.0,0.0,0.0,0.0,0.0,0.0,0.0,0.0,0.0,0.0,0.0,0.0,0.0,0.0,0.0,0.0,0.0,0.0,0.0,0.0,2.796,0.0,0.0,0.0,1.0,1.0,0.0,20.0,1.0,0.0,0.0,
238,1.0,0.0,0.0,1.0,20.0,0.0,1.0,0.0,0.0,51.0,51.0,51.0,51.0,8.0,8.0,8.0,8.0,4.0,0.0,3.0,0.0,0.0,0.0,1.0,3.0,3.0,0.0,3.0,0.0,0.0,0.0,0.0,0.0,0.0,0.0,1.0,0.0,0.0,0.0,0.0,0.0,0.0,0.0,0.0,0.0,0.0,0.0,0.0,0.0,0.0,0.0,0.0,0.0,0.0,0.0,0.0,0.0,0.0,0.0,0.0,0.0,0.0,0.0,0.0,0.0,0.0,0.0,0.0,0.0,0.0,0.0,0.0,0.0,0.0,0.0,0.0,0.0,0.0,0.0,0.0,0.0,0.0,0.0,0.0,0.0,0.0,0.0,0.0,0.0,0.0,0.0,0.0,0.0,0.0,0.0,0.0,0.0,0.0,0.0,0.0,0.956,0.0,0.0,0.0,1.0,1.0,0.0,20.0,1.0,0.0,0.0,
240,1.0,0.0,0.0,1.0,20.0,0.0,1.0,0.0,0.0,51.0,51.0,51.0,51.0,8.0,8.0,8.0,8.0,4.0,0.0,3.0,0.0,0.0,0.0,4.0,3.0,3.0,0.0,0.0,0.0,0.0,0.0,0.0,0.0,0.0,0.0,1.0,0.0,0.0,0.0,0.0,0.0,0.0,0.0,0.0,0.0,0.0,0.0,0.0,0.0,0.0,0.0,0.0,0.0,0.0,0.0,0.0,0.0,0.0,0.0,0.0,0.0,0.0,0.0,0.0,0.0,0.0,0.0,0.0,0.0,0.0,0.0,0.0,0.0,0.0,0.0,0.0,0.0,0.0,0.0,0.0,0.0,0.0,0.0,0.0,0.0,0.0,0.0,0.0,0.0,0.0,0.0,0.0,0.0,0.0,0.0,0.0,0.0,0.0,0.0,0.0,0.956,0.0,0.0,0.0,1.0,1.0,0.0,20.0,1.0,0.0,0.0,
255,1.0,0.0,0.0,1.0,20.0,0.0,1.0,0.0,0.0,51.0,51.0,51.0,51.0,8.0,8.0,8.0,8.0,85.0,2.0,2.0,0.0,0.0,0.0,4.0,0.0,3.0,0.0,0.0,0.0,0.0,0.0,0.0,0.0,0.0,0.0,1.0,0.0,0.0,0.0,0.0,0.0,0.0,0.0,0.0,0.0,0.0,0.0,0.0,0.0,0.0,0.0,0.0,0.0,0.0,0.0,0.0,0.0,0.0,0.0,0.0,0.0,0.0,0.0,0.0,0.0,0.0,0.0,0.0,0.0,0.0,0.0,0.0,0.0,0.0,0.0,0.0,0.0,0.0,0.0,0.0,0.0,0.0,0.0,0.0,0.0,0.0,0.0,0.0,0.0,0.0,0.0,0.0,0.0,0.0,0.0,0.0,0.0,0.0,0.0,0.0,0.321,0.0,0.0,0.0,1.0,1.0,0.0,20.0,1.0,0.0,0.0,
258,1.0,0.0,0.0,1.0,20.0,0.0,1.0,0.0,0.0,51.0,51.0,51.0,51.0,8.0,8.0,8.0,8.0,85.0,2.0,2.0,1000.0,0.0,0.0,4.0,0.0,3.0,0.0,0.0,0.0,0.0,0.0,0.0,0.0,0.0,0.0,1.0,0.0,0.0,0.0,0.0,0.0,0.0,0.0,0.0,0.0,0.0,0.0,0.0,0.0,0.0,0.0,0.0,0.0,0.0,0.0,0.0,1.0,0.0,0.0,0.0,0.0,0.0,0.0,0.0,0.0,0.0,0.0,0.0,0.0,0.0,0.0,0.0,0.0,0.0,0.0,0.0,0.0,0.0,0.0,0.0,0.0,0.0,0.0,0.0,0.0,0.0,0.0,0.0,0.0,0.0,0.0,0.0,0.0,0.0,0.0,0.0,0.0,0.0,0.0,0.0,14.453,0.0,0.0,0.0,1.0,1.0,0.0,20.0,1.0,0.0,0.0,
263,1.0,0.0,0.0,1.0,20.0,140.0,1.0,0.0,0.0,51.0,51.0,51.0,51.0,8.0,8.0,8.0,8.0,85.0,2.0,2.0,1000.0,1.0,0.0,4.0,0.0,3.0,0.0,0.0,0.0,0.0,0.0,0.0,0.0,0.0,0.0,1.0,1.0,0.0,0.0,0.0,0.0,0.0,0.0,0.0,0.0,0.0,0.0,0.0,0.0,0.0,0.0,0.0,0.0,0.0,0.0,0.0,0.0,0.0,0.0,0.0,0.0,0.0,0.0,0.0,1.0,0.0,0.0,0.0,0.0,0.0,0.0,0.0,0.0,0.0,0.0,0.0,0.0,0.0,0.0,0.0,0.0,0.0,0.0,0.0,0.0,0.0,0.0,0.0,0.0,0.0,0.0,0.0,0.0,0.0,0.0,0.0,0.0,0.0,0.0,0.0,4.526,0.0,0.0,0.0,1.0,1.0,140.0,20.0,1.0,0.0,0.0,
265,1.0,0.0,0.0,1.0,20.0,0.0,1.0,0.0,0.0,51.0,51.0,51.0,51.0,8.0,8.0,8.0,8.0,85.0,2.0,2.0,1000.0,1.0,0.0,4.0,0.0,3.0,0.0,0.0,0.0,0.0,0.0,0.0,0.0,0.0,0.0,1.0,1.0,0.0,0.0,0.0,0.0,0.0,0.0,0.0,0.0,0.0,0.0,0.0,0.0,0.0,0.0,0.0,0.0,0.0,0.0,0.0,0.0,0.0,0.0,0.0,0.0,0.0,0.0,0.0,1.0,0.0,0.0,0.0,0.0,0.0,0.0,0.0,0.0,0.0,0.0,0.0,0.0,0.0,0.0,0.0,0.0,0.0,0.0,0.0,0.0,0.0,0.0,0.0,0.0,0.0,0.0,0.0,0.0,0.0,0.0,0.0,0.0,0.0,0.0,0.0,2.872,0.0,0.0,0.0,1.0,1.0,0.0,20.0,1.0,0.0,0.0,
267,1.0,0.0,0.0,1.0,20.0,140.0,1.0,0.0,0.0,51.0,51.0,51.0,51.0,8.0,8.0,8.0,8.0,85.0,2.0,2.0,1000.0,2.0,0.0,4.0,0.0,3.0,0.0,0.0,0.0,0.0,0.0,0.0,0.0,0.0,0.0,1.0,1.0,0.0,0.0,0.0,0.0,0.0,0.0,0.0,0.0,0.0,0.0,0.0,0.0,0.0,0.0,0.0,0.0,0.0,0.0,0.0,0.0,0.0,0.0,0.0,0.0,0.0,0.0,0.0,1.0,0.0,0.0,0.0,0.0,0.0,0.0,0.0,0.0,0.0,0.0,0.0,0.0,0.0,0.0,0.0,0.0,0.0,0.0,0.0,0.0,0.0,0.0,0.0,0.0,0.0,0.0,0.0,0.0,0.0,0.0,0.0,0.0,0.0,0.0,0.0,1.888,0.0,0.0,0.0,1.0,1.0,140.0,20.0,1.0,0.0,0.0,
269,1.0,0.0,0.0,1.0,20.0,0.0,1.0,0.0,0.0,51.0,51.0,51.0,51.0,8.0,8.0,8.0,8.0,85.0,2.0,2.0,1000.0,2.0,0.0,4.0,0.0,3.0,0.0,0.0,0.0,0.0,0.0,0.0,0.0,0.0,0.0,1.0,1.0,0.0,0.0,0.0,0.0,0.0,0.0,0.0,0.0,0.0,0.0,0.0,0.0,0.0,0.0,0.0,0.0,0.0,0.0,0.0,0.0,0.0,0.0,0.0,0.0,0.0,0.0,0.0,1.0,0.0,0.0,0.0,0.0,0.0,0.0,0.0,0.0,0.0,0.0,0.0,0.0,0.0,0.0,0.0,0.0,0.0,0.0,0.0,0.0,0.0,0.0,0.0,0.0,0.0,0.0,0.0,0.0,0.0,0.0,0.0,0.0,0.0,0.0,0.0,4.003,0.0,0.0,0.0,1.0,1.0,0.0,20.0,1.0,0.0,0.0,
273,1.0,0.0,0.0,1.0,20.0,0.0,1.0,0.0,0.0,51.0,51.0,51.0,51.0,8.0,8.0,8.0,8.0,85.0,2.0,2.0,1000.0,2.0,0.0,4.0,0.0,3.0,0.0,0.0,0.0,0.0,0.0,0.0,0.0,0.0,0.0,1.0,0.0,0.0,0.0,0.0,0.0,0.0,0.0,0.0,0.0,0.0,0.0,0.0,0.0,0.0,0.0,0.0,0.0,0.0,0.0,0.0,1.0,0.0,0.0,0.0,0.0,0.0,0.0,0.0,0.0,0.0,0.0,0.0,0.0,0.0,0.0,0.0,0.0,0.0,0.0,0.0,0.0,0.0,0.0,0.0,0.0,0.0,0.0,0.0,0.0,0.0,0.0,0.0,0.0,0.0,0.0,0.0,0.0,0.0,0.0,0.0,0.0,0.0,0.0,0.0,0.087,0.0,0.0,0.0,1.0,1.0,0.0,20.0,1.0,0.0,0.0,
278,1.0,0.0,0.0,1.0,20.0,140.0,1.0,0.0,0.0,51.0,51.0,51.0,51.0,8.0,8.0,8.0,8.0,85.0,2.0,2.0,1000.0,3.0,0.0,4.0,0.0,3.0,0.0,0.0,0.0,0.0,0.0,0.0,0.0,0.0,0.0,1.0,1.0,0.0,0.0,0.0,0.0,0.0,0.0,0.0,0.0,0.0,0.0,0.0,0.0,0.0,0.0,0.0,0.0,0.0,0.0,0.0,0.0,0.0,0.0,0.0,0.0,0.0,0.0,0.0,1.0,0.0,0.0,0.0,0.0,0.0,0.0,0.0,0.0,0.0,0.0,0.0,0.0,0.0,0.0,0.0,0.0,0.0,0.0,0.0,0.0,0.0,0.0,0.0,0.0,0.0,0.0,0.0,0.0,0.0,0.0,0.0,0.0,0.0,0.0,0.0,0.238,0.0,0.0,0.0,1.0,1.0,140.0,20.0,1.0,0.0,0.0,
280,1.0,0.0,0.0,1.0,20.0,0.0,1.0,0.0,0.0,51.0,51.0,51.0,51.0,8.0,8.0,8.0,8.0,85.0,2.0,2.0,1000.0,3.0,0.0,4.0,0.0,3.0,0.0,0.0,0.0,0.0,0.0,0.0,0.0,0.0,0.0,1.0,1.0,0.0,0.0,0.0,0.0,0.0,0.0,0.0,0.0,0.0,0.0,0.0,0.0,0.0,0.0,0.0,0.0,0.0,0.0,0.0,0.0,0.0,0.0,0.0,0.0,0.0,0.0,0.0,1.0,0.0,0.0,0.0,0.0,0.0,0.0,0.0,0.0,0.0,0.0,0.0,0.0,0.0,0.0,0.0,0.0,0.0,0.0,0.0,0.0,0.0,0.0,0.0,0.0,0.0,0.0,0.0,0.0,0.0,0.0,0.0,0.0,0.0,0.0,0.0,4.151,0.0,0.0,0.0,1.0,1.0,0.0,20.0,1.0,0.0,0.0,
282,1.0,0.0,0.0,1.0,20.0,140.0,1.0,0.0,0.0,51.0,51.0,51.0,51.0,8.0,8.0,8.0,8.0,85.0,2.0,2.0,1000.0,4.0,0.0,4.0,0.0,3.0,0.0,0.0,0.0,0.0,0.0,0.0,0.0,0.0,0.0,1.0,1.0,0.0,0.0,0.0,0.0,0.0,0.0,0.0,0.0,0.0,0.0,0.0,0.0,0.0,0.0,0.0,0.0,0.0,0.0,0.0,0.0,0.0,0.0,0.0,0.0,0.0,0.0,0.0,1.0,0.0,0.0,0.0,0.0,0.0,0.0,0.0,0.0,0.0,0.0,0.0,0.0,0.0,0.0,0.0,0.0,0.0,0.0,0.0,0.0,0.0,0.0,0.0,0.0,0.0,0.0,0.0,0.0,0.0,0.0,0.0,0.0,0.0,0.0,0.0,1.786,0.0,0.0,0.0,1.0,1.0,140.0,20.0,1.0,0.0,0.0,
284,1.0,0.0,0.0,1.0,20.0,0.0,1.0,0.0,0.0,51.0,51.0,51.0,51.0,8.0,8.0,8.0,8.0,85.0,2.0,2.0,1000.0,4.0,0.0,4.0,0.0,3.0,0.0,0.0,0.0,0.0,0.0,0.0,0.0,0.0,0.0,1.0,1.0,0.0,0.0,0.0,0.0,0.0,0.0,0.0,0.0,0.0,0.0,0.0,0.0,0.0,0.0,0.0,0.0,0.0,0.0,0.0,0.0,0.0,0.0,0.0,0.0,0.0,0.0,0.0,1.0,0.0,0.0,0.0,0.0,0.0,0.0,0.0,0.0,0.0,0.0,0.0,0.0,0.0,0.0,0.0,0.0,0.0,0.0,0.0,0.0,0.0,0.0,0.0,0.0,0.0,0.0,0.0,0.0,0.0,0.0,0.0,0.0,0.0,0.0,0.0,3.769,0.0,0.0,0.0,1.0,1.0,0.0,20.0,1.0,0.0,0.0,
286,1.0,0.0,0.0,1.0,20.0,140.0,1.0,0.0,0.0,51.0,51.0,51.0,51.0,8.0,8.0,8.0,8.0,85.0,2.0,2.0,1000.0,5.0,0.0,4.0,0.0,3.0,0.0,0.0,0.0,0.0,0.0,0.0,0.0,0.0,0.0,1.0,1.0,0.0,0.0,0.0,0.0,0.0,0.0,0.0,0.0,0.0,0.0,0.0,0.0,0.0,0.0,0.0,0.0,0.0,0.0,0.0,0.0,0.0,0.0,0.0,0.0,0.0,0.0,0.0,1.0,0.0,0.0,0.0,0.0,0.0,0.0,0.0,0.0,0.0,0.0,0.0,0.0,0.0,0.0,0.0,0.0,0.0,0.0,0.0,0.0,0.0,0.0,0.0,0.0,0.0,0.0,0.0,0.0,0.0,0.0,0.0,0.0,0.0,0.0,0.0,2.468,0.0,0.0,0.0,1.0,1.0,140.0,20.0,1.0,0.0,0.0,
288,1.0,0.0,0.0,1.0,20.0,0.0,1.0,0.0,0.0,51.0,51.0,51.0,51.0,8.0,8.0,8.0,8.0,85.0,2.0,2.0,1000.0,5.0,0.0,4.0,0.0,3.0,0.0,0.0,0.0,0.0,0.0,0.0,0.0,0.0,0.0,1.0,1.0,0.0,0.0,0.0,0.0,0.0,0.0,0.0,0.0,0.0,0.0,0.0,0.0,0.0,0.0,0.0,0.0,0.0,0.0,0.0,0.0,0.0,0.0,0.0,0.0,0.0,0.0,0.0,1.0,0.0,0.0,0.0,0.0,0.0,0.0,0.0,0.0,0.0,0.0,0.0,0.0,0.0,0.0,0.0,0.0,0.0,0.0,0.0,0.0,0.0,0.0,0.0,0.0,0.0,0.0,0.0,0.0,0.0,0.0,0.0,0.0,0.0,0.0,0.0,5.274,0.0,0.0,0.0,1.0,1.0,0.0,20.0,1.0,0.0,0.0,
290,1.0,0.0,0.0,1.0,20.0,140.0,1.0,0.0,0.0,51.0,51.0,51.0,51.0,8.0,8.0,8.0,8.0,85.0,2.0,2.0,1000.0,6.0,0.0,4.0,0.0,3.0,0.0,0.0,0.0,0.0,0.0,0.0,0.0,0.0,0.0,1.0,1.0,0.0,0.0,0.0,0.0,0.0,0.0,0.0,0.0,0.0,0.0,0.0,0.0,0.0,0.0,0.0,0.0,0.0,0.0,0.0,0.0,0.0,0.0,0.0,0.0,0.0,0.0,0.0,1.0,0.0,0.0,0.0,0.0,0.0,0.0,0.0,0.0,0.0,0.0,0.0,0.0,0.0,0.0,0.0,0.0,0.0,0.0,0.0,0.0,0.0,0.0,0.0,0.0,0.0,0.0,0.0,0.0,0.0,0.0,0.0,0.0,0.0,0.0,0.0,2.251,0.0,0.0,0.0,1.0,1.0,140.0,20.0,1.0,0.0,0.0,
292,1.0,0.0,0.0,1.0,20.0,0.0,1.0,0.0,0.0,51.0,51.0,51.0,51.0,8.0,8.0,8.0,8.0,85.0,2.0,2.0,1000.0,6.0,0.0,4.0,0.0,3.0,0.0,0.0,0.0,0.0,0.0,0.0,0.0,0.0,0.0,1.0,1.0,0.0,0.0,0.0,0.0,0.0,0.0,0.0,0.0,0.0,0.0,0.0,0.0,0.0,0.0,0.0,0.0,0.0,0.0,0.0,0.0,0.0,0.0,0.0,0.0,0.0,0.0,0.0,1.0,0.0,0.0,0.0,0.0,0.0,0.0,0.0,0.0,0.0,0.0,0.0,0.0,0.0,0.0,0.0,0.0,0.0,0.0,0.0,0.0,0.0,0.0,0.0,0.0,0.0,0.0,0.0,0.0,0.0,0.0,0.0,0.0,0.0,0.0,0.0,2.049,0.0,0.0,0.0,1.0,1.0,0.0,20.0,1.0,0.0,0.0,
297,1.0,0.0,0.0,1.0,20.0,0.0,1.0,0.0,0.0,51.0,51.0,51.0,51.0,8.0,8.0,8.0,8.0,1.0,2.0,2.0,0.0,2.0,0.0,4.0,0.0,3.0,0.0,0.0,0.0,0.0,0.0,0.0,0.0,0.0,0.0,1.0,0.0,0.0,0.0,0.0,0.0,0.0,0.0,0.0,0.0,0.0,0.0,0.0,0.0,0.0,0.0,0.0,0.0,0.0,0.0,0.0,0.0,0.0,0.0,0.0,0.0,0.0,0.0,0.0,0.0,0.0,0.0,0.0,0.0,0.0,0.0,0.0,0.0,0.0,0.0,0.0,0.0,0.0,0.0,0.0,0.0,0.0,0.0,0.0,0.0,0.0,0.0,0.0,0.0,0.0,0.0,0.0,0.0,0.0,0.0,0.0,0.0,0.0,0.0,0.0,1.366,0.0,0.0,0.0,1.0,1.0,0.0,20.0,1.0,0.0,0.0,
299,1.0,0.0,0.0,1.0,20.0,0.0,1.0,0.0,0.0,51.0,51.0,51.0,51.0,8.0,8.0,8.0,8.0,4.0,2.0,2.0,0.0,0.0,0.0,4.0,0.0,3.0,0.0,0.0,0.0,0.0,0.0,0.0,0.0,0.0,0.0,1.0,0.0,0.0,0.0,0.0,0.0,0.0,0.0,0.0,0.0,0.0,0.0,0.0,0.0,0.0,0.0,0.0,0.0,0.0,0.0,0.0,0.0,0.0,0.0,0.0,0.0,0.0,0.0,0.0,0.0,0.0,0.0,0.0,0.0,0.0,0.0,0.0,0.0,0.0,0.0,0.0,0.0,0.0,0.0,0.0,0.0,0.0,0.0,0.0,0.0,0.0,0.0,0.0,0.0,0.0,0.0,0.0,0.0,0.0,0.0,0.0,0.0,0.0,0.0,0.0,1.007,0.0,0.0,0.0,1.0,1.0,0.0,20.0,1.0,0.0,0.0,
313,1.0,0.0,0.0,1.0,20.0,0.0,1.0,0.0,0.0,51.0,51.0,51.0,51.0,8.0,8.0,8.0,8.0,4.0,0.0,2.0,0.0,0.0,0.0,85.0,2.0,2.0,0.0,0.0,0.0,0.0,0.0,0.0,0.0,0.0,0.0,1.0,0.0,0.0,0.0,0.0,0.0,0.0,0.0,0.0,0.0,0.0,0.0,0.0,0.0,0.0,0.0,0.0,0.0,0.0,0.0,0.0,0.0,0.0,0.0,0.0,0.0,0.0,0.0,0.0,0.0,0.0,0.0,0.0,0.0,0.0,0.0,0.0,0.0,0.0,0.0,0.0,0.0,0.0,0.0,0.0,0.0,0.0,0.0,0.0,0.0,0.0,0.0,0.0,0.0,0.0,0.0,0.0,0.0,0.0,0.0,0.0,0.0,0.0,0.0,0.0,0.281,0.0,0.0,0.0,1.0,1.0,0.0,20.0,1.0,0.0,0.0,
316,1.0,0.0,0.0,1.0,20.0,0.0,1.0,0.0,0.0,51.0,51.0,51.0,51.0,8.0,8.0,8.0,8.0,4.0,0.0,2.0,0.0,0.0,0.0,85.0,2.0,2.0,1000.0,0.0,0.0,0.0,0.0,0.0,0.0,0.0,0.0,1.0,0.0,0.0,0.0,0.0,0.0,0.0,0.0,0.0,0.0,0.0,0.0,0.0,0.0,0.0,0.0,0.0,0.0,0.0,0.0,0.0,0.0,0.0,1.0,0.0,0.0,0.0,0.0,0.0,0.0,0.0,0.0,0.0,0.0,0.0,0.0,0.0,0.0,0.0,0.0,0.0,0.0,0.0,0.0,0.0,0.0,0.0,0.0,0.0,0.0,0.0,0.0,0.0,0.0,0.0,0.0,0.0,0.0,0.0,0.0,0.0,0.0,0.0,0.0,0.0,14.454,0.0,0.0,0.0,1.0,1.0,0.0,20.0,1.0,0.0,0.0,
321,1.0,0.0,0.0,1.0,20.0,140.0,1.0,0.0,0.0,51.0,51.0,51.0,51.0,8.0,8.0,8.0,8.0,4.0,0.0,2.0,0.0,0.0,0.0,85.0,2.0,2.0,1000.0,1.0,0.0,0.0,0.0,0.0,0.0,0.0,0.0,1.0,1.0,0.0,0.0,0.0,0.0,0.0,0.0,0.0,0.0,0.0,0.0,0.0,0.0,0.0,0.0,0.0,0.0,0.0,0.0,0.0,0.0,0.0,0.0,0.0,0.0,0.0,0.0,0.0,0.0,0.0,1.0,0.0,0.0,0.0,0.0,0.0,0.0,0.0,0.0,0.0,0.0,0.0,0.0,0.0,0.0,0.0,0.0,0.0,0.0,0.0,0.0,0.0,0.0,0.0,0.0,0.0,0.0,0.0,0.0,0.0,0.0,0.0,0.0,0.0,1.0,0.0,0.0,0.0,1.0,1.0,140.0,20.0,1.0,0.0,0.0,
323,1.0,0.0,0.0,1.0,20.0,0.0,1.0,0.0,0.0,51.0,51.0,51.0,51.0,8.0,8.0,8.0,8.0,4.0,0.0,2.0,0.0,0.0,0.0,85.0,2.0,2.0,1000.0,1.0,0.0,0.0,0.0,0.0,0.0,0.0,0.0,1.0,1.0,0.0,0.0,0.0,0.0,0.0,0.0,0.0,0.0,0.0,0.0,0.0,0.0,0.0,0.0,0.0,0.0,0.0,0.0,0.0,0.0,0.0,0.0,0.0,0.0,0.0,0.0,0.0,0.0,0.0,1.0,0.0,0.0,0.0,0.0,0.0,0.0,0.0,0.0,0.0,0.0,0.0,0.0,0.0,0.0,0.0,0.0,0.0,0.0,0.0,0.0,0.0,0.0,0.0,0.0,0.0,0.0,0.0,0.0,0.0,0.0,0.0,0.0,0.0,3.199,0.0,0.0,0.0,1.0,1.0,0.0,20.0,1.0,0.0,0.0,
325,1.0,0.0,0.0,1.0,20.0,140.0,1.0,0.0,0.0,51.0,51.0,51.0,51.0,8.0,8.0,8.0,8.0,4.0,0.0,2.0,0.0,0.0,0.0,85.0,2.0,2.0,1000.0,2.0,0.0,0.0,0.0,0.0,0.0,0.0,0.0,1.0,1.0,0.0,0.0,0.0,0.0,0.0,0.0,0.0,0.0,0.0,0.0,0.0,0.0,0.0,0.0,0.0,0.0,0.0,0.0,0.0,0.0,0.0,0.0,0.0,0.0,0.0,0.0,0.0,0.0,0.0,1.0,0.0,0.0,0.0,0.0,0.0,0.0,0.0,0.0,0.0,0.0,0.0,0.0,0.0,0.0,0.0,0.0,0.0,0.0,0.0,0.0,0.0,0.0,0.0,0.0,0.0,0.0,0.0,0.0,0.0,0.0,0.0,0.0,0.0,2.099,0.0,0.0,0.0,1.0,1.0,140.0,20.0,1.0,0.0,0.0,
327,1.0,0.0,0.0,1.0,20.0,0.0,1.0,0.0,0.0,51.0,51.0,51.0,51.0,8.0,8.0,8.0,8.0,4.0,0.0,2.0,0.0,0.0,0.0,85.0,2.0,2.0,1000.0,2.0,0.0,0.0,0.0,0.0,0.0,0.0,0.0,1.0,1.0,0.0,0.0,0.0,0.0,0.0,0.0,0.0,0.0,0.0,0.0,0.0,0.0,0.0,0.0,0.0,0.0,0.0,0.0,0.0,0.0,0.0,0.0,0.0,0.0,0.0,0.0,0.0,0.0,0.0,1.0,0.0,0.0,0.0,0.0,0.0,0.0,0.0,0.0,0.0,0.0,0.0,0.0,0.0,0.0,0.0,0.0,0.0,0.0,0.0,0.0,0.0,0.0,0.0,0.0,0.0,0.0,0.0,0.0,0.0,0.0,0.0,0.0,0.0,2.909,0.0,0.0,0.0,1.0,1.0,0.0,20.0,1.0,0.0,0.0,
331,1.0,0.0,0.0,1.0,20.0,0.0,1.0,0.0,0.0,51.0,51.0,51.0,51.0,8.0,8.0,8.0,8.0,4.0,0.0,2.0,0.0,0.0,0.0,85.0,2.0,2.0,1000.0,2.0,0.0,0.0,0.0,0.0,0.0,0.0,0.0,1.0,0.0,0.0,0.0,0.0,0.0,0.0,0.0,0.0,0.0,0.0,0.0,0.0,0.0,0.0,0.0,0.0,0.0,0.0,0.0,0.0,0.0,0.0,1.0,0.0,0.0,0.0,0.0,0.0,0.0,0.0,0.0,0.0,0.0,0.0,0.0,0.0,0.0,0.0,0.0,0.0,0.0,0.0,0.0,0.0,0.0,0.0,0.0,0.0,0.0,0.0,0.0,0.0,0.0,0.0,0.0,0.0,0.0,0.0,0.0,0.0,0.0,0.0,0.0,0.0,0.181,0.0,0.0,0.0,1.0,1.0,0.0,20.0,1.0,0.0,0.0,
336,1.0,0.0,0.0,1.0,20.0,140.0,1.0,0.0,0.0,51.0,51.0,51.0,51.0,8.0,8.0,8.0,8.0,4.0,0.0,2.0,0.0,0.0,0.0,85.0,2.0,2.0,1000.0,3.0,0.0,0.0,0.0,0.0,0.0,0.0,0.0,1.0,1.0,0.0,0.0,0.0,0.0,0.0,0.0,0.0,0.0,0.0,0.0,0.0,0.0,0.0,0.0,0.0,0.0,0.0,0.0,0.0,0.0,0.0,0.0,0.0,0.0,0.0,0.0,0.0,0.0,0.0,1.0,0.0,0.0,0.0,0.0,0.0,0.0,0.0,0.0,0.0,0.0,0.0,0.0,0.0,0.0,0.0,0.0,0.0,0.0,0.0,0.0,0.0,0.0,0.0,0.0,0.0,0.0,0.0,0.0,0.0,0.0,0.0,0.0,0.0,0.0,0.0,0.0,0.0,1.0,1.0,140.0,20.0,1.0,0.0,0.0,
338,1.0,0.0,0.0,1.0,20.0,0.0,1.0,0.0,0.0,51.0,51.0,51.0,51.0,8.0,8.0,8.0,8.0,4.0,0.0,2.0,0.0,0.0,0.0,85.0,2.0,2.0,1000.0,3.0,0.0,0.0,0.0,0.0,0.0,0.0,0.0,1.0,1.0,0.0,0.0,0.0,0.0,0.0,0.0,0.0,0.0,0.0,0.0,0.0,0.0,0.0,0.0,0.0,0.0,0.0,0.0,0.0,0.0,0.0,0.0,0.0,0.0,0.0,0.0,0.0,0.0,0.0,1.0,0.0,0.0,0.0,0.0,0.0,0.0,0.0,0.0,0.0,0.0,0.0,0.0,0.0,0.0,0.0,0.0,0.0,0.0,0.0,0.0,0.0,0.0,0.0,0.0,0.0,0.0,0.0,0.0,0.0,0.0,0.0,0.0,0.0,4.043,0.0,0.0,0.0,1.0,1.0,0.0,20.0,1.0,0.0,0.0,
340,1.0,0.0,0.0,1.0,20.0,140.0,1.0,0.0,0.0,51.0,51.0,51.0,51.0,8.0,8.0,8.0,8.0,4.0,0.0,2.0,0.0,0.0,0.0,85.0,2.0,2.0,1000.0,4.0,0.0,0.0,0.0,0.0,0.0,0.0,0.0,1.0,1.0,0.0,0.0,0.0,0.0,0.0,0.0,0.0,0.0,0.0,0.0,0.0,0.0,0.0,0.0,0.0,0.0,0.0,0.0,0.0,0.0,0.0,0.0,0.0,0.0,0.0,0.0,0.0,0.0,0.0,1.0,0.0,0.0,0.0,0.0,0.0,0.0,0.0,0.0,0.0,0.0,0.0,0.0,0.0,0.0,0.0,0.0,0.0,0.0,0.0,0.0,0.0,0.0,0.0,0.0,0.0,0.0,0.0,0.0,0.0,0.0,0.0,0.0,0.0,1.742,0.0,0.0,0.0,1.0,1.0,140.0,20.0,1.0,0.0,0.0,
342,1.0,0.0,0.0,1.0,20.0,0.0,1.0,0.0,0.0,51.0,51.0,51.0,51.0,8.0,8.0,8.0,8.0,4.0,0.0,2.0,0.0,0.0,0.0,85.0,2.0,2.0,1000.0,4.0,0.0,0.0,0.0,0.0,0.0,0.0,0.0,1.0,1.0,0.0,0.0,0.0,0.0,0.0,0.0,0.0,0.0,0.0,0.0,0.0,0.0,0.0,0.0,0.0,0.0,0.0,0.0,0.0,0.0,0.0,0.0,0.0,0.0,0.0,0.0,0.0,0.0,0.0,1.0,0.0,0.0,0.0,0.0,0.0,0.0,0.0,0.0,0.0,0.0,0.0,0.0,0.0,0.0,0.0,0.0,0.0,0.0,0.0,0.0,0.0,0.0,0.0,0.0,0.0,0.0,0.0,0.0,0.0,0.0,0.0,0.0,0.0,3.68,0.0,0.0,0.0,1.0,1.0,0.0,20.0,1.0,0.0,0.0,
344,1.0,0.0,0.0,1.0,20.0,140.0,1.0,0.0,0.0,51.0,51.0,51.0,51.0,8.0,8.0,8.0,8.0,4.0,0.0,2.0,0.0,0.0,0.0,85.0,2.0,2.0,1000.0,5.0,0.0,0.0,0.0,0.0,0.0,0.0,0.0,1.0,1.0,0.0,0.0,0.0,0.0,0.0,0.0,0.0,0.0,0.0,0.0,0.0,0.0,0.0,0.0,0.0,0.0,0.0,0.0,0.0,0.0,0.0,0.0,0.0,0.0,0.0,0.0,0.0,0.0,0.0,1.0,0.0,0.0,0.0,0.0,0.0,0.0,0.0,0.0,0.0,0.0,0.0,0.0,0.0,0.0,0.0,0.0,0.0,0.0,0.0,0.0,0.0,0.0,0.0,0.0,0.0,0.0,0.0,0.0,0.0,0.0,0.0,0.0,0.0,1.594,0.0,0.0,0.0,1.0,1.0,140.0,20.0,1.0,0.0,0.0,
346,1.0,0.0,0.0,1.0,20.0,0.0,1.0,0.0,0.0,51.0,51.0,51.0,51.0,8.0,8.0,8.0,8.0,4.0,0.0,2.0,0.0,0.0,0.0,85.0,2.0,2.0,1000.0,5.0,0.0,0.0,0.0,0.0,0.0,0.0,0.0,1.0,1.0,0.0,0.0,0.0,0.0,0.0,0.0,0.0,0.0,0.0,0.0,0.0,0.0,0.0,0.0,0.0,0.0,0.0,0.0,0.0,0.0,0.0,0.0,0.0,0.0,0.0,0.0,0.0,0.0,0.0,1.0,0.0,0.0,0.0,0.0,0.0,0.0,0.0,0.0,0.0,0.0,0.0,0.0,0.0,0.0,0.0,0.0,0.0,0.0,0.0,0.0,0.0,0.0,0.0,0.0,0.0,0.0,0.0,0.0,0.0,0.0,0.0,0.0,0.0,5.128,0.0,0.0,0.0,1.0,1.0,0.0,20.0,1.0,0.0,0.0,
348,1.0,0.0,0.0,1.0,20.0,140.0,1.0,0.0,0.0,51.0,51.0,51.0,51.0,8.0,8.0,8.0,8.0,4.0,0.0,2.0,0.0,0.0,0.0,85.0,2.0,2.0,1000.0,6.0,0.0,0.0,0.0,0.0,0.0,0.0,0.0,1.0,1.0,0.0,0.0,0.0,0.0,0.0,0.0,0.0,0.0,0.0,0.0,0.0,0.0,0.0,0.0,0.0,0.0,0.0,0.0,0.0,0.0,0.0,0.0,0.0,0.0,0.0,0.0,0.0,0.0,0.0,1.0,0.0,0.0,0.0,0.0,0.0,0.0,0.0,0.0,0.0,0.0,0.0,0.0,0.0,0.0,0.0,0.0,0.0,0.0,0.0,0.0,0.0,0.0,0.0,0.0,0.0,0.0,0.0,0.0,0.0,0.0,0.0,0.0,0.0,1.453,0.0,0.0,0.0,1.0,1.0,140.0,20.0,1.0,0.0,0.0,
350,1.0,0.0,0.0,1.0,20.0,0.0,1.0,0.0,0.0,51.0,51.0,51.0,51.0,8.0,8.0,8.0,8.0,4.0,0.0,2.0,0.0,0.0,0.0,85.0,2.0,2.0,1000.0,6.0,0.0,0.0,0.0,0.0,0.0,0.0,0.0,1.0,1.0,0.0,0.0,0.0,0.0,0.0,0.0,0.0,0.0,0.0,0.0,0.0,0.0,0.0,0.0,0.0,0.0,0.0,0.0,0.0,0.0,0.0,0.0,0.0,0.0,0.0,0.0,0.0,0.0,0.0,1.0,0.0,0.0,0.0,0.0,0.0,0.0,0.0,0.0,0.0,0.0,0.0,0.0,0.0,0.0,0.0,0.0,0.0,0.0,0.0,0.0,0.0,0.0,0.0,0.0,0.0,0.0,0.0,0.0,0.0,0.0,0.0,0.0,0.0,1.998,0.0,0.0,0.0,1.0,1.0,0.0,20.0,1.0,0.0,0.0,
355,1.0,0.0,0.0,1.0,20.0,0.0,1.0,0.0,0.0,51.0,51.0,51.0,51.0,8.0,8.0,8.0,8.0,4.0,0.0,2.0,0.0,0.0,0.0,1.0,2.0,2.0,0.0,2.0,0.0,0.0,0.0,0.0,0.0,0.0,0.0,1.0,0.0,0.0,0.0,0.0,0.0,0.0,0.0,0.0,0.0,0.0,0.0,0.0,0.0,0.0,0.0,0.0,0.0,0.0,0.0,0.0,0.0,0.0,0.0,0.0,0.0,0.0,0.0,0.0,0.0,0.0,0.0,0.0,0.0,0.0,0.0,0.0,0.0,0.0,0.0,0.0,0.0,0.0,0.0,0.0,0.0,0.0,0.0,0.0,0.0,0.0,0.0,0.0,0.0,0.0,0.0,0.0,0.0,0.0,0.0,0.0,0.0,0.0,0.0,0.0,1.0,0.0,0.0,0.0,1.0,1.0,0.0,20.0,1.0,0.0,0.0,
357,1.0,0.0,0.0,1.0,20.0,0.0,1.0,0.0,0.0,51.0,51.0,51.0,51.0,8.0,8.0,8.0,8.0,4.0,0.0,2.0,0.0,0.0,0.0,4.0,2.0,2.0,0.0,0.0,0.0,0.0,0.0,0.0,0.0,0.0,0.0,1.0,0.0,0.0,0.0,0.0,0.0,0.0,0.0,0.0,0.0,0.0,0.0,0.0,0.0,0.0,0.0,0.0,0.0,0.0,0.0,0.0,0.0,0.0,0.0,0.0,0.0,0.0,0.0,0.0,0.0,0.0,0.0,0.0,0.0,0.0,0.0,0.0,0.0,0.0,0.0,0.0,0.0,0.0,0.0,0.0,0.0,0.0,0.0,0.0,0.0,0.0,0.0,0.0,0.0,0.0,0.0,0.0,0.0,0.0,0.0,0.0,0.0,0.0,0.0,0.0,1.0,0.0,0.0,0.0,1.0,1.0,0.0,20.0,1.0,0.0,0.0,
372,1.0,0.0,0.0,1.0,20.0,0.0,1.0,0.0,0.0,51.0,51.0,51.0,51.0,8.0,8.0,8.0,8.0,21.0,0.0,0.0,0.0,0.0,0.0,4.0,0.0,2.0,0.0,0.0,0.0,0.0,0.0,0.0,0.0,0.0,0.0,1.0,0.0,0.0,0.0,0.0,0.0,0.0,0.0,0.0,0.0,0.0,0.0,0.0,0.0,0.0,0.0,0.0,0.0,0.0,0.0,0.0,0.0,0.0,0.0,0.0,0.0,0.0,0.0,0.0,0.0,0.0,0.0,0.0,0.0,0.0,0.0,0.0,0.0,0.0,0.0,0.0,0.0,0.0,0.0,0.0,0.0,0.0,0.0,0.0,0.0,0.0,0.0,0.0,0.0,0.0,0.0,0.0,0.0,0.0,0.0,0.0,0.0,0.0,0.0,0.0,0.28,0.0,0.0,0.0,1.0,1.0,0.0,20.0,1.0,0.0,0.0,
375,1.0,0.0,0.0,1.0,20.0,0.0,1.0,0.0,0.0,51.0,51.0,51.0,51.0,8.0,8.0,8.0,8.0,21.0,0.0,0.0,1000.0,0.0,0.0,4.0,0.0,2.0,0.0,0.0,0.0,0.0,0.0,0.0,0.0,0.0,0.0,1.0,0.0,0.0,0.0,0.0,0.0,0.0,0.0,0.0,0.0,0.0,0.0,0.0,0.0,0.0,0.0,0.0,0.0,0.0,0.0,0.0,1.0,0.0,0.0,0.0,0.0,0.0,0.0,0.0,0.0,0.0,0.0,0.0,0.0,0.0,0.0,0.0,0.0,0.0,0.0,0.0,0.0,0.0,0.0,0.0,0.0,0.0,0.0,0.0,0.0,0.0,0.0,0.0,0.0,0.0,0.0,0.0,0.0,0.0,0.0,0.0,0.0,0.0,0.0,0.0,14.454,0.0,0.0,0.0,1.0,1.0,0.0,20.0,1.0,0.0,0.0,
380,1.0,0.0,0.0,1.0,20.0,140.0,1.0,0.0,0.0,51.0,51.0,51.0,51.0,8.0,8.0,8.0,8.0,21.0,0.0,0.0,1000.0,1.0,0.0,4.0,0.0,2.0,0.0,0.0,0.0,0.0,0.0,0.0,0.0,0.0,0.0,1.0,1.0,0.0,0.0,0.0,0.0,0.0,0.0,0.0,0.0,0.0,0.0,0.0,0.0,0.0,0.0,0.0,0.0,0.0,0.0,0.0,0.0,0.0,0.0,0.0,0.0,0.0,0.0,0.0,1.0,0.0,0.0,0.0,0.0,0.0,0.0,0.0,0.0,0.0,0.0,0.0,0.0,0.0,0.0,0.0,0.0,0.0,0.0,0.0,0.0,0.0,0.0,0.0,0.0,0.0,0.0,0.0,0.0,0.0,0.0,0.0,0.0,0.0,0.0,0.0,1.0,0.0,0.0,0.0,1.0,1.0,140.0,20.0,1.0,0.0,0.0,
382,1.0,0.0,0.0,1.0,20.0,0.0,1.0,0.0,0.0,51.0,51.0,51.0,51.0,8.0,8.0,8.0,8.0,21.0,0.0,0.0,1000.0,1.0,0.0,4.0,0.0,2.0,0.0,0.0,0.0,0.0,0.0,0.0,0.0,0.0,0.0,1.0,1.0,0.0,0.0,0.0,0.0,0.0,0.0,0.0,0.0,0.0,0.0,0.0,0.0,0.0,0.0,0.0,0.0,0.0,0.0,0.0,0.0,0.0,0.0,0.0,0.0,0.0,0.0,0.0,1.0,0.0,0.0,0.0,0.0,0.0,0.0,0.0,0.0,0.0,0.0,0.0,0.0,0.0,0.0,0.0,0.0,0.0,0.0,0.0,0.0,0.0,0.0,0.0,0.0,0.0,0.0,0.0,0.0,0.0,0.0,0.0,0.0,0.0,0.0,0.0,3.108,0.0,0.0,0.0,1.0,1.0,0.0,20.0,1.0,0.0,0.0,
384,1.0,0.0,0.0,1.0,20.0,140.0,1.0,0.0,0.0,51.0,51.0,51.0,51.0,8.0,8.0,8.0,8.0,21.0,0.0,0.0,1000.0,2.0,0.0,4.0,0.0,2.0,0.0,0.0,0.0,0.0,0.0,0.0,0.0,0.0,0.0,1.0,1.0,0.0,0.0,0.0,0.0,0.0,0.0,0.0,0.0,0.0,0.0,0.0,0.0,0.0,0.0,0.0,0.0,0.0,0.0,0.0,0.0,0.0,0.0,0.0,0.0,0.0,0.0,0.0,1.0,0.0,0.0,0.0,0.0,0.0,0.0,0.0,0.0,0.0,0.0,0.0,0.0,0.0,0.0,0.0,0.0,0.0,0.0,0.0,0.0,0.0,0.0,0.0,0.0,0.0,0.0,0.0,0.0,0.0,0.0,0.0,0.0,0.0,0.0,0.0,2.04,0.0,0.0,0.0,1.0,1.0,140.0,20.0,1.0,0.0,0.0,
386,1.0,0.0,0.0,1.0,20.0,0.0,1.0,0.0,0.0,51.0,51.0,51.0,51.0,8.0,8.0,8.0,8.0,21.0,0.0,0.0,1000.0,2.0,0.0,4.0,0.0,2.0,0.0,0.0,0.0,0.0,0.0,0.0,0.0,0.0,0.0,1.0,1.0,0.0,0.0,0.0,0.0,0.0,0.0,0.0,0.0,0.0,0.0,0.0,0.0,0.0,0.0,0.0,0.0,0.0,0.0,0.0,0.0,0.0,0.0,0.0,0.0,0.0,0.0,0.0,1.0,0.0,0.0,0.0,0.0,0.0,0.0,0.0,0.0,0.0,0.0,0.0,0.0,0.0,0.0,0.0,0.0,0.0,0.0,0.0,0.0,0.0,0.0,0.0,0.0,0.0,0.0,0.0,0.0,0.0,0.0,0.0,0.0,0.0,0.0,0.0,2.833,0.0,0.0,0.0,1.0,1.0,0.0,20.0,1.0,0.0,0.0,
388,1.0,0.0,0.0,1.0,20.0,140.0,1.0,0.0,0.0,51.0,51.0,51.0,51.0,8.0,8.0,8.0,8.0,21.0,0.0,0.0,1000.0,3.0,0.0,4.0,0.0,2.0,0.0,0.0,0.0,0.0,0.0,0.0,0.0,0.0,0.0,1.0,1.0,0.0,0.0,0.0,0.0,0.0,0.0,0.0,0.0,0.0,0.0,0.0,0.0,0.0,0.0,0.0,0.0,0.0,0.0,0.0,0.0,0.0,0.0,0.0,0.0,0.0,0.0,0.0,1.0,0.0,0.0,0.0,0.0,0.0,0.0,0.0,0.0,0.0,0.0,0.0,0.0,0.0,0.0,0.0,0.0,0.0,0.0,0.0,0.0,0.0,0.0,0.0,0.0,0.0,0.0,0.0,0.0,0.0,0.0,0.0,0.0,0.0,0.0,0.0,1.866,0.0,0.0,0.0,1.0,1.0,140.0,20.0,1.0,0.0,0.0,
390,1.0,0.0,0.0,1.0,20.0,0.0,1.0,0.0,0.0,51.0,51.0,51.0,51.0,8.0,8.0,8.0,8.0,21.0,0.0,0.0,1000.0,3.0,0.0,4.0,0.0,2.0,0.0,0.0,0.0,0.0,0.0,0.0,0.0,0.0,0.0,1.0,1.0,0.0,0.0,0.0,0.0,0.0,0.0,0.0,0.0,0.0,0.0,0.0,0.0,0.0,0.0,0.0,0.0,0.0,0.0,0.0,0.0,0.0,0.0,0.0,0.0,0.0,0.0,0.0,1.0,0.0,0.0,0.0,0.0,0.0,0.0,0.0,0.0,0.0,0.0,0.0,0.0,0.0,0.0,0.0,0.0,0.0,0.0,0.0,0.0,0.0,0.0,0.0,0.0,0.0,0.0,0.0,0.0,0.0,0.0,0.0,0.0,0.0,0.0,0.0,2.576,0.0,0.0,0.0,1.0,1.0,0.0,20.0,1.0,0.0,0.0,
392,1.0,0.0,0.0,1.0,20.0,140.0,1.0,0.0,0.0,51.0,51.0,51.0,51.0,8.0,8.0,8.0,8.0,21.0,0.0,0.0,1000.0,4.0,0.0,4.0,0.0,2.0,0.0,0.0,0.0,0.0,0.0,0.0,0.0,0.0,0.0,1.0,1.0,0.0,0.0,0.0,0.0,0.0,0.0,0.0,0.0,0.0,0.0,0.0,0.0,0.0,0.0,0.0,0.0,0.0,0.0,0.0,0.0,0.0,0.0,0.0,0.0,0.0,0.0,0.0,1.0,0.0,0.0,0.0,0.0,0.0,0.0,0.0,0.0,0.0,0.0,0.0,0.0,0.0,0.0,0.0,0.0,0.0,0.0,0.0,0.0,0.0,0.0,0.0,0.0,0.0,0.0,0.0,0.0,0.0,0.0,0.0,0.0,0.0,0.0,0.0,1.701,0.0,0.0,0.0,1.0,1.0,140.0,20.0,1.0,0.0,0.0,
394,1.0,0.0,0.0,1.0,20.0,0.0,1.0,0.0,0.0,51.0,51.0,51.0,51.0,8.0,8.0,8.0,8.0,21.0,0.0,0.0,1000.0,4.0,0.0,4.0,0.0,2.0,0.0,0.0,0.0,0.0,0.0,0.0,0.0,0.0,0.0,1.0,1.0,0.0,0.0,0.0,0.0,0.0,0.0,0.0,0.0,0.0,0.0,0.0,0.0,0.0,0.0,0.0,0.0,0.0,0.0,0.0,0.0,0.0,0.0,0.0,0.0,0.0,0.0,0.0,1.0,0.0,0.0,0.0,0.0,0.0,0.0,0.0,0.0,0.0,0.0,0.0,0.0,0.0,0.0,0.0,0.0,0.0,0.0,0.0,0.0,0.0,0.0,0.0,0.0,0.0,0.0,0.0,0.0,0.0,0.0,0.0,0.0,0.0,0.0,0.0,3.573,0.0,0.0,0.0,1.0,1.0,0.0,20.0,1.0,0.0,0.0,
396,1.0,0.0,0.0,1.0,20.0,140.0,1.0,0.0,0.0,51.0,51.0,51.0,51.0,8.0,8.0,8.0,8.0,21.0,0.0,0.0,1000.0,5.0,0.0,4.0,0.0,2.0,0.0,0.0,0.0,0.0,0.0,0.0,0.0,0.0,0.0,1.0,1.0,0.0,0.0,0.0,0.0,0.0,0.0,0.0,0.0,0.0,0.0,0.0,0.0,0.0,0.0,0.0,0.0,0.0,0.0,0.0,0.0,0.0,0.0,0.0,0.0,0.0,0.0,0.0,1.0,0.0,0.0,0.0,0.0,0.0,0.0,0.0,0.0,0.0,0.0,0.0,0.0,0.0,0.0,0.0,0.0,0.0,0.0,0.0,0.0,0.0,0.0,0.0,0.0,0.0,0.0,0.0,0.0,0.0,0.0,0.0,0.0,0.0,0.0,0.0,1.551,0.0,0.0,0.0,1.0,1.0,140.0,20.0,1.0,0.0,0.0,
398,1.0,0.0,0.0,1.0,20.0,0.0,1.0,0.0,0.0,51.0,51.0,51.0,51.0,8.0,8.0,8.0,8.0,21.0,0.0,0.0,1000.0,5.0,0.0,4.0,0.0,2.0,0.0,0.0,0.0,0.0,0.0,0.0,0.0,0.0,0.0,1.0,1.0,0.0,0.0,0.0,0.0,0.0,0.0,0.0,0.0,0.0,0.0,0.0,0.0,0.0,0.0,0.0,0.0,0.0,0.0,0.0,0.0,0.0,0.0,0.0,0.0,0.0,0.0,0.0,1.0,0.0,0.0,0.0,0.0,0.0,0.0,0.0,0.0,0.0,0.0,0.0,0.0,0.0,0.0,0.0,0.0,0.0,0.0,0.0,0.0,0.0,0.0,0.0,0.0,0.0,0.0,0.0,0.0,0.0,0.0,0.0,0.0,0.0,0.0,0.0,3.25,0.0,0.0,0.0,1.0,1.0,0.0,20.0,1.0,0.0,0.0,
400,1.0,0.0,0.0,1.0,20.0,140.0,1.0,0.0,0.0,51.0,51.0,51.0,51.0,8.0,8.0,8.0,8.0,21.0,0.0,0.0,1000.0,6.0,0.0,4.0,0.0,2.0,0.0,0.0,0.0,0.0,0.0,0.0,0.0,0.0,0.0,1.0,1.0,0.0,0.0,0.0,0.0,0.0,0.0,0.0,0.0,0.0,0.0,0.0,0.0,0.0,0.0,0.0,0.0,0.0,0.0,0.0,0.0,0.0,0.0,0.0,0.0,0.0,0.0,0.0,1.0,0.0,0.0,0.0,0.0,0.0,0.0,0.0,0.0,0.0,0.0,0.0,0.0,0.0,0.0,0.0,0.0,0.0,0.0,0.0,0.0,0.0,0.0,0.0,0.0,0.0,0.0,0.0,0.0,0.0,0.0,0.0,0.0,0.0,0.0,0.0,2.135,0.0,0.0,0.0,1.0,1.0,140.0,20.0,1.0,0.0,0.0,
402,1.0,0.0,0.0,1.0,20.0,0.0,1.0,0.0,0.0,51.0,51.0,51.0,51.0,8.0,8.0,8.0,8.0,21.0,0.0,0.0,1000.0,6.0,0.0,4.0,0.0,2.0,0.0,0.0,0.0,0.0,0.0,0.0,0.0,0.0,0.0,1.0,1.0,0.0,0.0,0.0,0.0,0.0,0.0,0.0,0.0,0.0,0.0,0.0,0.0,0.0,0.0,0.0,0.0,0.0,0.0,0.0,0.0,0.0,0.0,0.0,0.0,0.0,0.0,0.0,1.0,0.0,0.0,0.0,0.0,0.0,0.0,0.0,0.0,0.0,0.0,0.0,0.0,0.0,0.0,0.0,0.0,0.0,0.0,0.0,0.0,0.0,0.0,0.0,0.0,0.0,0.0,0.0,0.0,0.0,0.0,0.0,0.0,0.0,0.0,0.0,2.952,0.0,0.0,0.0,1.0,1.0,0.0,20.0,1.0,0.0,0.0,
407,1.0,0.0,0.0,1.0,20.0,0.0,1.0,0.0,0.0,51.0,51.0,51.0,51.0,8.0,8.0,8.0,8.0,1.0,0.0,0.0,0.0,0.0,0.0,4.0,0.0,2.0,0.0,0.0,0.0,0.0,0.0,0.0,0.0,0.0,0.0,1.0,0.0,0.0,0.0,0.0,0.0,0.0,0.0,0.0,0.0,0.0,0.0,0.0,0.0,0.0,0.0,0.0,0.0,0.0,0.0,0.0,0.0,0.0,0.0,0.0,0.0,0.0,0.0,0.0,0.0,0.0,0.0,0.0,0.0,0.0,0.0,0.0,0.0,0.0,0.0,0.0,0.0,0.0,0.0,0.0,0.0,0.0,0.0,0.0,0.0,0.0,0.0,0.0,0.0,0.0,0.0,0.0,0.0,0.0,0.0,0.0,0.0,0.0,0.0,0.0,0.992,0.0,0.0,0.0,1.0,1.0,0.0,20.0,1.0,0.0,0.0,
409,1.0,0.0,0.0,1.0,20.0,0.0,1.0,0.0,0.0,51.0,51.0,51.0,51.0,8.0,8.0,8.0,8.0,4.0,0.0,0.0,0.0,0.0,0.0,4.0,0.0,2.0,0.0,0.0,0.0,0.0,0.0,0.0,0.0,0.0,0.0,1.0,0.0,0.0,0.0,0.0,0.0,0.0,0.0,0.0,0.0,0.0,0.0,0.0,0.0,0.0,0.0,0.0,0.0,0.0,0.0,0.0,0.0,0.0,0.0,0.0,0.0,0.0,0.0,0.0,0.0,0.0,0.0,0.0,0.0,0.0,0.0,0.0,0.0,0.0,0.0,0.0,0.0,0.0,0.0,0.0,0.0,0.0,0.0,0.0,0.0,0.0,0.0,0.0,0.0,0.0,0.0,0.0,0.0,0.0,0.0,0.0,0.0,0.0,0.0,0.0,0.992,0.0,0.0,0.0,1.0,1.0,0.0,20.0,1.0,0.0,0.0,
423,1.0,0.0,0.0,1.0,20.0,0.0,1.0,0.0,0.0,51.0,51.0,51.0,51.0,8.0,8.0,8.0,8.0,4.0,0.0,0.0,0.0,0.0,0.0,21.0,0.0,0.0,0.0,0.0,0.0,0.0,0.0,0.0,0.0,0.0,0.0,1.0,0.0,0.0,0.0,0.0,0.0,0.0,0.0,0.0,0.0,0.0,0.0,0.0,0.0,0.0,0.0,0.0,0.0,0.0,0.0,0.0,0.0,0.0,0.0,0.0,0.0,0.0,0.0,0.0,0.0,0.0,0.0,0.0,0.0,0.0,0.0,0.0,0.0,0.0,0.0,0.0,0.0,0.0,0.0,0.0,0.0,0.0,0.0,0.0,0.0,0.0,0.0,0.0,0.0,0.0,0.0,0.0,0.0,0.0,0.0,0.0,0.0,0.0,0.0,0.0,0.333,0.0,0.0,0.0,1.0,1.0,0.0,20.0,1.0,0.0,0.0,
426,1.0,0.0,0.0,1.0,20.0,0.0,1.0,0.0,0.0,51.0,51.0,51.0,51.0,8.0,8.0,8.0,8.0,4.0,0.0,0.0,0.0,0.0,0.0,21.0,0.0,0.0,1000.0,0.0,0.0,0.0,0.0,0.0,0.0,0.0,0.0,1.0,0.0,0.0,0.0,0.0,0.0,0.0,0.0,0.0,0.0,0.0,0.0,0.0,0.0,0.0,0.0,0.0,0.0,0.0,0.0,0.0,0.0,0.0,1.0,0.0,0.0,0.0,0.0,0.0,0.0,0.0,0.0,0.0,0.0,0.0,0.0,0.0,0.0,0.0,0.0,0.0,0.0,0.0,0.0,0.0,0.0,0.0,0.0,0.0,0.0,0.0,0.0,0.0,0.0,0.0,0.0,0.0,0.0,0.0,0.0,0.0,0.0,0.0,0.0,0.0,14.454,0.0,0.0,0.0,1.0,1.0,0.0,20.0,1.0,0.0,0.0,
431,1.0,0.0,0.0,1.0,20.0,140.0,1.0,0.0,0.0,51.0,51.0,51.0,51.0,8.0,8.0,8.0,8.0,4.0,0.0,0.0,0.0,0.0,0.0,21.0,0.0,0.0,1000.0,1.0,0.0,0.0,0.0,0.0,0.0,0.0,0.0,1.0,1.0,0.0,0.0,0.0,0.0,0.0,0.0,0.0,0.0,0.0,0.0,0.0,0.0,0.0,0.0,0.0,0.0,0.0,0.0,0.0,0.0,0.0,0.0,0.0,0.0,0.0,0.0,0.0,0.0,0.0,1.0,0.0,0.0,0.0,0.0,0.0,0.0,0.0,0.0,0.0,0.0,0.0,0.0,0.0,0.0,0.0,0.0,0.0,0.0,0.0,0.0,0.0,0.0,0.0,0.0,0.0,0.0,0.0,0.0,0.0,0.0,0.0,0.0,0.0,1.209,0.0,0.0,0.0,1.0,1.0,140.0,20.0,1.0,0.0,0.0,
433,1.0,0.0,0.0,1.0,20.0,0.0,1.0,0.0,0.0,51.0,51.0,51.0,51.0,8.0,8.0,8.0,8.0,4.0,0.0,0.0,0.0,0.0,0.0,21.0,0.0,0.0,1000.0,1.0,0.0,0.0,0.0,0.0,0.0,0.0,0.0,1.0,1.0,0.0,0.0,0.0,0.0,0.0,0.0,0.0,0.0,0.0,0.0,0.0,0.0,0.0,0.0,0.0,0.0,0.0,0.0,0.0,0.0,0.0,0.0,0.0,0.0,0.0,0.0,0.0,0.0,0.0,1.0,0.0,0.0,0.0,0.0,0.0,0.0,0.0,0.0,0.0,0.0,0.0,0.0,0.0,0.0,0.0,0.0,0.0,0.0,0.0,0.0,0.0,0.0,0.0,0.0,0.0,0.0,0.0,0.0,0.0,0.0,0.0,0.0,0.0,3.43,0.0,0.0,0.0,1.0,1.0,0.0,20.0,1.0,0.0,0.0,
435,1.0,0.0,0.0,1.0,20.0,140.0,1.0,0.0,0.0,51.0,51.0,51.0,51.0,8.0,8.0,8.0,8.0,4.0,0.0,0.0,0.0,0.0,0.0,21.0,0.0,0.0,1000.0,2.0,0.0,0.0,0.0,0.0,0.0,0.0,0.0,1.0,1.0,0.0,0.0,0.0,0.0,0.0,0.0,0.0,0.0,0.0,0.0,0.0,0.0,0.0,0.0,0.0,0.0,0.0,0.0,0.0,0.0,0.0,0.0,0.0,0.0,0.0,0.0,0.0,0.0,0.0,1.0,0.0,0.0,0.0,0.0,0.0,0.0,0.0,0.0,0.0,0.0,0.0,0.0,0.0,0.0,0.0,0.0,0.0,0.0,0.0,0.0,0.0,0.0,0.0,0.0,0.0,0.0,0.0,0.0,0.0,0.0,0.0,0.0,0.0,1.486,0.0,0.0,0.0,1.0,1.0,140.0,20.0,1.0,0.0,0.0,
437,1.0,0.0,0.0,1.0,20.0,0.0,1.0,0.0,0.0,51.0,51.0,51.0,51.0,8.0,8.0,8.0,8.0,4.0,0.0,0.0,0.0,0.0,0.0,21.0,0.0,0.0,1000.0,2.0,0.0,0.0,0.0,0.0,0.0,0.0,0.0,1.0,1.0,0.0,0.0,0.0,0.0,0.0,0.0,0.0,0.0,0.0,0.0,0.0,0.0,0.0,0.0,0.0,0.0,0.0,0.0,0.0,0.0,0.0,0.0,0.0,0.0,0.0,0.0,0.0,0.0,0.0,1.0,0.0,0.0,0.0,0.0,0.0,0.0,0.0,0.0,0.0,0.0,0.0,0.0,0.0,0.0,0.0,0.0,0.0,0.0,0.0,0.0,0.0,0.0,0.0,0.0,0.0,0.0,0.0,0.0,0.0,0.0,0.0,0.0,0.0,3.122,0.0,0.0,0.0,1.0,1.0,0.0,20.0,1.0,0.0,0.0,
439,1.0,0.0,0.0,1.0,20.0,140.0,1.0,0.0,0.0,51.0,51.0,51.0,51.0,8.0,8.0,8.0,8.0,4.0,0.0,0.0,0.0,0.0,0.0,21.0,0.0,0.0,1000.0,3.0,0.0,0.0,0.0,0.0,0.0,0.0,0.0,1.0,1.0,0.0,0.0,0.0,0.0,0.0,0.0,0.0,0.0,0.0,0.0,0.0,0.0,0.0,0.0,0.0,0.0,0.0,0.0,0.0,0.0,0.0,0.0,0.0,0.0,0.0,0.0,0.0,0.0,0.0,1.0,0.0,0.0,0.0,0.0,0.0,0.0,0.0,0.0,0.0,0.0,0.0,0.0,0.0,0.0,0.0,0.0,0.0,0.0,0.0,0.0,0.0,0.0,0.0,0.0,0.0,0.0,0.0,0.0,0.0,0.0,0.0,0.0,0.0,3.122,0.0,0.0,0.0,1.0,1.0,140.0,20.0,1.0,0.0,0.0,
441,1.0,0.0,0.0,1.0,20.0,0.0,1.0,0.0,0.0,51.0,51.0,51.0,51.0,8.0,8.0,8.0,8.0,4.0,0.0,0.0,0.0,0.0,0.0,21.0,0.0,0.0,1000.0,3.0,0.0,0.0,0.0,0.0,0.0,0.0,0.0,1.0,1.0,0.0,0.0,0.0,0.0,0.0,0.0,0.0,0.0,0.0,0.0,0.0,0.0,0.0,0.0,0.0,0.0,0.0,0.0,0.0,0.0,0.0,0.0,0.0,0.0,0.0,0.0,0.0,0.0,0.0,1.0,0.0,0.0,0.0,0.0,0.0,0.0,0.0,0.0,0.0,0.0,0.0,0.0,0.0,0.0,0.0,0.0,0.0,0.0,0.0,0.0,0.0,0.0,0.0,0.0,0.0,0.0,0.0,0.0,0.0,0.0,0.0,0.0,0.0,4.346,0.0,0.0,0.0,1.0,1.0,0.0,20.0,1.0,0.0,0.0,
443,1.0,0.0,0.0,1.0,20.0,140.0,1.0,0.0,0.0,51.0,51.0,51.0,51.0,8.0,8.0,8.0,8.0,4.0,0.0,0.0,0.0,0.0,0.0,21.0,0.0,0.0,1000.0,4.0,0.0,0.0,0.0,0.0,0.0,0.0,0.0,1.0,1.0,0.0,0.0,0.0,0.0,0.0,0.0,0.0,0.0,0.0,0.0,0.0,0.0,0.0,0.0,0.0,0.0,0.0,0.0,0.0,0.0,0.0,0.0,0.0,0.0,0.0,0.0,0.0,0.0,0.0,1.0,0.0,0.0,0.0,0.0,0.0,0.0,0.0,0.0,0.0,0.0,0.0,0.0,0.0,0.0,0.0,0.0,0.0,0.0,0.0,0.0,0.0,0.0,0.0,0.0,0.0,0.0,0.0,0.0,0.0,0.0,0.0,0.0,0.0,1.245,0.0,0.0,0.0,1.0,1.0,140.0,20.0,1.0,0.0,0.0,
445,1.0,0.0,0.0,1.0,20.0,0.0,1.0,0.0,0.0,51.0,51.0,51.0,51.0,8.0,8.0,8.0,8.0,4.0,0.0,0.0,0.0,0.0,0.0,21.0,0.0,0.0,1000.0,4.0,0.0,0.0,0.0,0.0,0.0,0.0,0.0,1.0,1.0,0.0,0.0,0.0,0.0,0.0,0.0,0.0,0.0,0.0,0.0,0.0,0.0,0.0,0.0,0.0,0.0,0.0,0.0,0.0,0.0,0.0,0.0,0.0,0.0,0.0,0.0,0.0,0.0,0.0,1.0,0.0,0.0,0.0,0.0,0.0,0.0,0.0,0.0,0.0,0.0,0.0,0.0,0.0,0.0,0.0,0.0,0.0,0.0,0.0,0.0,0.0,0.0,0.0,0.0,0.0,0.0,0.0,0.0,0.0,0.0,0.0,0.0,0.0,2.582,0.0,0.0,0.0,1.0,1.0,0.0,20.0,1.0,0.0,0.0,
447,1.0,0.0,0.0,1.0,20.0,140.0,1.0,0.0,0.0,51.0,51.0,51.0,51.0,8.0,8.0,8.0,8.0,4.0,0.0,0.0,0.0,0.0,0.0,21.0,0.0,0.0,1000.0,5.0,0.0,0.0,0.0,0.0,0.0,0.0,0.0,1.0,1.0,0.0,0.0,0.0,0.0,0.0,0.0,0.0,0.0,0.0,0.0,0.0,0.0,0.0,0.0,0.0,0.0,0.0,0.0,0.0,0.0,0.0,0.0,0.0,0.0,0.0,0.0,0.0,0.0,0.0,1.0,0.0,0.0,0.0,0.0,0.0,0.0,0.0,0.0,0.0,0.0,0.0,0.0,0.0,0.0,0.0,0.0,0.0,0.0,0.0,0.0,0.0,0.0,0.0,0.0,0.0,0.0,0.0,0.0,0.0,0.0,0.0,0.0,0.0,1.705,0.0,0.0,0.0,1.0,1.0,140.0,20.0,1.0,0.0,0.0,
449,1.0,0.0,0.0,1.0,20.0,0.0,1.0,0.0,0.0,51.0,51.0,51.0,51.0,8.0,8.0,8.0,8.0,4.0,0.0,0.0,0.0,0.0,0.0,21.0,0.0,0.0,1000.0,5.0,0.0,0.0,0.0,0.0,0.0,0.0,0.0,1.0,1.0,0.0,0.0,0.0,0.0,0.0,0.0,0.0,0.0,0.0,0.0,0.0,0.0,0.0,0.0,0.0,0.0,0.0,0.0,0.0,0.0,0.0,0.0,0.0,0.0,0.0,0.0,0.0,0.0,0.0,1.0,0.0,0.0,0.0,0.0,0.0,0.0,0.0,0.0,0.0,0.0,0.0,0.0,0.0,0.0,0.0,0.0,0.0,0.0,0.0,0.0,0.0,0.0,0.0,0.0,0.0,0.0,0.0,0.0,0.0,0.0,0.0,0.0,0.0,3.583,0.0,0.0,0.0,1.0,1.0,0.0,20.0,1.0,0.0,0.0,
451,1.0,0.0,0.0,1.0,20.0,140.0,1.0,0.0,0.0,51.0,51.0,51.0,51.0,8.0,8.0,8.0,8.0,4.0,0.0,0.0,0.0,0.0,0.0,21.0,0.0,0.0,1000.0,6.0,0.0,0.0,0.0,0.0,0.0,0.0,0.0,1.0,1.0,0.0,0.0,0.0,0.0,0.0,0.0,0.0,0.0,0.0,0.0,0.0,0.0,0.0,0.0,0.0,0.0,0.0,0.0,0.0,0.0,0.0,0.0,0.0,0.0,0.0,0.0,0.0,0.0,0.0,1.0,0.0,0.0,0.0,0.0,0.0,0.0,0.0,0.0,0.0,0.0,0.0,0.0,0.0,0.0,0.0,0.0,0.0,0.0,0.0,0.0,0.0,0.0,0.0,0.0,0.0,0.0,0.0,0.0,0.0,0.0,0.0,0.0,0.0,3.583,0.0,0.0,0.0,1.0,1.0,140.0,20.0,1.0,0.0,0.0,
453,1.0,0.0,0.0,1.0,20.0,0.0,1.0,0.0,0.0,51.0,51.0,51.0,51.0,8.0,8.0,8.0,8.0,4.0,0.0,0.0,0.0,0.0,0.0,21.0,0.0,0.0,1000.0,6.0,0.0,0.0,0.0,0.0,0.0,0.0,0.0,1.0,1.0,0.0,0.0,0.0,0.0,0.0,0.0,0.0,0.0,0.0,0.0,0.0,0.0,0.0,0.0,0.0,0.0,0.0,0.0,0.0,0.0,0.0,0.0,0.0,0.0,0.0,0.0,0.0,0.0,0.0,1.0,0.0,0.0,0.0,0.0,0.0,0.0,0.0,0.0,0.0,0.0,0.0,0.0,0.0,0.0,0.0,0.0,0.0,0.0,0.0,0.0,0.0,0.0,0.0,0.0,0.0,0.0,0.0,0.0,0.0,0.0,0.0,0.0,0.0,3.253,0.0,0.0,0.0,1.0,1.0,0.0,20.0,1.0,0.0,0.0,
458,1.0,0.0,0.0,1.0,20.0,0.0,1.0,0.0,0.0,51.0,51.0,51.0,51.0,8.0,8.0,8.0,8.0,4.0,0.0,0.0,0.0,0.0,0.0,1.0,0.0,0.0,0.0,0.0,0.0,0.0,0.0,0.0,0.0,0.0,0.0,1.0,0.0,0.0,0.0,0.0,0.0,0.0,0.0,0.0,0.0,0.0,0.0,0.0,0.0,0.0,0.0,0.0,0.0,0.0,0.0,0.0,0.0,0.0,0.0,0.0,0.0,0.0,0.0,0.0,0.0,0.0,0.0,0.0,0.0,0.0,0.0,0.0,0.0,0.0,0.0,0.0,0.0,0.0,0.0,0.0,0.0,0.0,0.0,0.0,0.0,0.0,0.0,0.0,0.0,0.0,0.0,0.0,0.0,0.0,0.0,0.0,0.0,0.0,0.0,0.0,1.04,0.0,0.0,0.0,1.0,1.0,0.0,20.0,1.0,0.0,0.0,
460,1.0,0.0,0.0,1.0,20.0,0.0,1.0,0.0,0.0,51.0,51.0,51.0,51.0,8.0,8.0,8.0,8.0,4.0,0.0,0.0,0.0,0.0,0.0,4.0,0.0,0.0,0.0,0.0,0.0,0.0,0.0,0.0,0.0,0.0,0.0,1.0,0.0,0.0,0.0,0.0,0.0,0.0,0.0,0.0,0.0,0.0,0.0,0.0,0.0,0.0,0.0,0.0,0.0,0.0,0.0,0.0,0.0,0.0,0.0,0.0,0.0,0.0,0.0,0.0,0.0,0.0,0.0,0.0,0.0,0.0,0.0,0.0,0.0,0.0,0.0,0.0,0.0,0.0,0.0,0.0,0.0,0.0,0.0,0.0,0.0,0.0,0.0,0.0,0.0,0.0,0.0,0.0,0.0,0.0,0.0,0.0,0.0,0.0,0.0,0.0,1.04,0.0,0.0,0.0,1.0,1.0,0.0,20.0,1.0,0.0,0.0,
474,1.0,0.0,0.0,1.0,20.0,0.0,1.0,0.0,0.0,51.0,51.0,51.0,51.0,8.0,8.0,8.0,8.0,69.0,0.0,0.0,0.0,0.0,0.0,4.0,0.0,0.0,0.0,0.0,0.0,0.0,0.0,0.0,0.0,0.0,0.0,1.0,0.0,0.0,0.0,0.0,0.0,0.0,0.0,0.0,0.0,0.0,0.0,0.0,0.0,0.0,0.0,0.0,0.0,0.0,0.0,0.0,0.0,0.0,0.0,0.0,0.0,0.0,0.0,0.0,0.0,0.0,0.0,0.0,0.0,0.0,0.0,0.0,0.0,0.0,0.0,0.0,0.0,0.0,0.0,0.0,0.0,0.0,0.0,0.0,0.0,0.0,0.0,0.0,0.0,0.0,0.0,0.0,0.0,0.0,0.0,0.0,0.0,0.0,0.0,0.0,0.018,0.0,0.0,0.0,1.0,1.0,0.0,20.0,1.0,0.0,0.0,
478,1.0,0.0,0.0,1.0,20.0,0.0,1.0,0.0,0.0,51.0,51.0,51.0,51.0,8.0,8.0,8.0,8.0,69.0,0.0,0.0,1000.0,0.0,0.0,4.0,0.0,0.0,0.0,0.0,0.0,0.0,0.0,0.0,0.0,0.0,0.0,1.0,0.0,0.0,0.0,0.0,0.0,0.0,0.0,0.0,0.0,0.0,0.0,0.0,0.0,0.0,0.0,0.0,0.0,0.0,0.0,0.0,1.0,0.0,0.0,0.0,0.0,0.0,0.0,0.0,0.0,0.0,0.0,0.0,0.0,0.0,0.0,0.0,0.0,0.0,0.0,0.0,0.0,0.0,0.0,0.0,0.0,0.0,0.0,0.0,0.0,0.0,0.0,0.0,0.0,0.0,0.0,0.0,0.0,0.0,0.0,0.0,0.0,0.0,0.0,0.0,0.0,0.0,0.0,0.0,1.0,1.0,0.0,20.0,1.0,0.0,0.0,
484,1.0,0.0,0.0,1.0,20.0,0.0,1.0,0.0,0.0,51.0,51.0,51.0,51.0,8.0,8.0,8.0,8.0,69.0,0.0,0.0,1000.0,0.0,0.0,4.0,0.0,0.0,0.0,0.0,0.0,0.0,0.0,0.0,0.0,0.0,0.0,0.0,0.0,0.0,0.0,1.0,0.0,0.0,0.0,0.0,0.0,0.0,0.0,0.0,0.0,0.0,0.0,0.0,0.0,0.0,0.0,0.0,0.0,0.0,0.0,0.0,0.0,0.0,0.0,0.0,0.0,1.0,0.0,0.0,0.0,0.0,0.0,0.0,0.0,0.0,0.0,0.0,0.0,0.0,0.0,0.0,0.0,0.0,0.0,0.0,0.0,0.0,0.0,0.0,0.0,0.0,0.0,0.0,0.0,0.0,0.0,0.0,0.0,0.0,0.0,0.0,0.0,0.0,0.0,0.0,0.0,1.0,1.0,0.0,20.0,1.0,0.0,0.0,
489,1.0,0.0,0.0,1.0,20.0,0.0,1.0,0.0,0.0,51.0,51.0,51.0,51.0,8.0,8.0,8.0,8.0,1.0,0.0,0.0,0.0,0.0,0.0,4.0,0.0,0.0,0.0,0.0,0.0,0.0,0.0,0.0,0.0,0.0,0.0,0.0,0.0,0.0,0.0,0.0,0.0,0.0,0.0,0.0,0.0,0.0,0.0,0.0,0.0,0.0,0.0,0.0,0.0,0.0,0.0,0.0,0.0,0.0,0.0,0.0,0.0,0.0,0.0,0.0,0.0,0.0,0.0,0.0,0.0,0.0,0.0,0.0,0.0,0.0,0.0,0.0,0.0,0.0,0.0,0.0,0.0,0.0,0.0,0.0,0.0,0.0,0.0,0.0,0.0,0.0,0.0,0.0,0.0,0.0,0.0,0.0,0.0,0.0,0.0,0.0,0.0,0.0,0.0,0.0,0.0,1.0,1.0,0.0,20.0,1.0,0.0,0.0,
491,1.0,0.0,0.0,1.0,20.0,0.0,1.0,0.0,0.0,51.0,51.0,51.0,51.0,8.0,8.0,8.0,8.0,4.0,0.0,0.0,0.0,0.0,0.0,4.0,0.0,0.0,0.0,0.0,0.0,0.0,0.0,0.0,0.0,0.0,0.0,0.0,0.0,0.0,0.0,0.0,0.0,0.0,0.0,0.0,0.0,0.0,0.0,0.0,0.0,0.0,0.0,0.0,0.0,0.0,0.0,0.0,0.0,0.0,0.0,0.0,0.0,0.0,0.0,0.0,0.0,0.0,0.0,0.0,0.0,0.0,0.0,0.0,0.0,0.0,0.0,0.0,0.0,0.0,0.0,0.0,0.0,0.0,0.0,0.0,0.0,0.0,0.0,0.0,0.0,0.0,0.0,0.0,0.0,0.0,0.0,0.0,0.0,0.0,0.0,0.0,0.0,0.0,0.0,0.0,0.0,1.0,1.0,0.0,20.0,1.0,0.0,0.0,
504,1.0,0.0,0.0,1.0,20.0,0.0,1.0,0.0,0.0,51.0,51.0,51.0,51.0,8.0,8.0,8.0,8.0,4.0,0.0,0.0,0.0,0.0,0.0,69.0,0.0,0.0,0.0,0.0,0.0,0.0,0.0,0.0,0.0,0.0,0.0,0.0,0.0,0.0,0.0,0.0,0.0,0.0,0.0,0.0,0.0,0.0,0.0,0.0,0.0,0.0,0.0,0.0,0.0,0.0,0.0,0.0,0.0,0.0,0.0,0.0,0.0,0.0,0.0,0.0,0.0,0.0,0.0,0.0,0.0,0.0,0.0,0.0,0.0,0.0,0.0,0.0,0.0,0.0,0.0,0.0,0.0,0.0,0.0,0.0,0.0,0.0,0.0,0.0,0.0,0.0,0.0,0.0,0.0,0.0,0.0,0.0,0.0,0.0,0.0,0.0,0.0,0.0,0.0,0.0,0.0,1.0,1.0,0.0,20.0,1.0,0.0,0.0,
508,1.0,0.0,0.0,1.0,20.0,0.0,1.0,0.0,0.0,51.0,51.0,51.0,51.0,8.0,8.0,8.0,8.0,4.0,0.0,0.0,0.0,0.0,0.0,69.0,0.0,0.0,1000.0,0.0,0.0,0.0,0.0,0.0,0.0,0.0,0.0,0.0,1.0,0.0,0.0,0.0,0.0,0.0,0.0,0.0,0.0,0.0,0.0,0.0,0.0,0.0,0.0,0.0,0.0,0.0,0.0,0.0,0.0,0.0,0.0,1.0,0.0,0.0,0.0,0.0,0.0,0.0,0.0,0.0,0.0,0.0,0.0,0.0,0.0,0.0,0.0,0.0,0.0,0.0,0.0,0.0,0.0,0.0,0.0,0.0,0.0,0.0,0.0,0.0,0.0,0.0,0.0,0.0,0.0,0.0,0.0,0.0,0.0,0.0,0.0,0.0,0.0,0.0,0.0,0.0,0.0,1.0,1.0,0.0,20.0,1.0,0.0,0.0,
514,1.0,0.0,0.0,1.0,20.0,0.0,1.0,0.0,0.0,51.0,51.0,51.0,51.0,8.0,8.0,8.0,8.0,4.0,0.0,0.0,0.0,0.0,0.0,69.0,0.0,0.0,1000.0,0.0,0.0,0.0,0.0,0.0,0.0,0.0,0.0,0.0,0.0,0.0,0.0,1.0,0.0,0.0,0.0,0.0,0.0,0.0,0.0,0.0,0.0,0.0,0.0,0.0,0.0,0.0,0.0,0.0,0.0,0.0,0.0,0.0,0.0,0.0,0.0,0.0,0.0,0.0,0.0,1.0,0.0,0.0,0.0,0.0,0.0,0.0,0.0,0.0,0.0,0.0,0.0,0.0,0.0,0.0,0.0,0.0,0.0,0.0,0.0,0.0,0.0,0.0,0.0,0.0,0.0,0.0,0.0,0.0,0.0,0.0,0.0,0.0,0.0,0.0,0.0,0.0,0.0,1.0,1.0,0.0,20.0,1.0,0.0,0.0,
519,1.0,0.0,0.0,1.0,20.0,0.0,1.0,0.0,0.0,51.0,51.0,51.0,51.0,8.0,8.0,8.0,8.0,4.0,0.0,0.0,0.0,0.0,0.0,1.0,0.0,0.0,0.0,0.0,0.0,0.0,0.0,0.0,0.0,0.0,0.0,0.0,0.0,0.0,0.0,0.0,0.0,0.0,0.0,0.0,0.0,0.0,0.0,0.0,0.0,0.0,0.0,0.0,0.0,0.0,0.0,0.0,0.0,0.0,0.0,0.0,0.0,0.0,0.0,0.0,0.0,0.0,0.0,0.0,0.0,0.0,0.0,0.0,0.0,0.0,0.0,0.0,0.0,0.0,0.0,0.0,0.0,0.0,0.0,0.0,0.0,0.0,0.0,0.0,0.0,0.0,0.0,0.0,0.0,0.0,0.0,0.0,0.0,0.0,0.0,0.0,0.0,0.0,0.0,0.0,0.0,1.0,1.0,0.0,20.0,1.0,0.0,0.0,
521,1.0,0.0,0.0,1.0,20.0,0.0,1.0,0.0,0.0,51.0,51.0,51.0,51.0,8.0,8.0,8.0,8.0,4.0,0.0,0.0,0.0,0.0,0.0,4.0,0.0,0.0,0.0,0.0,0.0,0.0,0.0,0.0,0.0,0.0,0.0,0.0,0.0,0.0,0.0,0.0,0.0,0.0,0.0,0.0,0.0,0.0,0.0,0.0,0.0,0.0,0.0,0.0,0.0,0.0,0.0,0.0,0.0,0.0,0.0,0.0,0.0,0.0,0.0,0.0,0.0,0.0,0.0,0.0,0.0,0.0,0.0,0.0,0.0,0.0,0.0,0.0,0.0,0.0,0.0,0.0,0.0,0.0,0.0,0.0,0.0,0.0,0.0,0.0,0.0,0.0,0.0,0.0,0.0,0.0,0.0,0.0,0.0,0.0,0.0,0.0,0.0,0.0,0.0,0.0,0.0,1.0,1.0,0.0,20.0,1.0,0.0,0.0,
